Protocollo;Gruppo;DataOraIncidente;Localizzazione1;STRADA1;Localizzazione2;STRADA2;Strada02;Chilometrica;DaSpecificare;NaturaIncidente;particolaritastrade;TipoStrada;FondoStradale;Pavimentazione;Segnaletica;CondizioneAtmosferica;Traffico;Visibilita;Illuminazione;NUM_FERITI;NUM_RISERVATA;NUM_MORTI;NUM_ILLESI;Longitudine;Latitudine;Confermato;Progressivo;TipoVeicolo;StatoVeicolo;TipoPersona;Sesso;Tipolesione;Deceduto;DecedutoDopo;CinturaCascoUtilizzato;Airbag
1987950;6;01/02/2014 18:20;Strada Urbana;VIA DI ACQUA BULLICANTE;in corrispondenza;;del civico n. ;34;;Investimento di pedone;Rettilineo;Una carreggiata a doppio senso;Bagnato (pioggia);Asfaltata;Verticale ed orizzontale;Pioggia in atto;Normale;Buona;Sufficiente;1;0;0;4;12.5432131;41.8827556;-1;1;Autovettura privata;In marcia / fermata / arresto;Passeggero;M;Illeso;0;;Non accertato;Inesploso
1987950;6;01/02/2014 18:20;Strada Urbana;VIA DI ACQUA BULLICANTE;in corrispondenza;;del civico n. ;34;;Investimento di pedone;Rettilineo;Una carreggiata a doppio senso;Bagnato (pioggia);Asfaltata;Verticale ed orizzontale;Pioggia in atto;Normale;Buona;Sufficiente;1;0;0;4;12.5432131;41.8827556;-1;1;Autovettura privata;In marcia / fermata / arresto;Passeggero;F;Illeso;0;;Non accertato;Inesistente
1987950;6;01/02/2014 18:20;Strada Urbana;VIA DI ACQUA BULLICANTE;in corrispondenza;;del civico n. ;34;;Investimento di pedone;Rettilineo;Una carreggiata a doppio senso;Bagnato (pioggia);Asfaltata;Verticale ed orizzontale;Pioggia in atto;Normale;Buona;Sufficiente;1;0;0;4;12.5432131;41.8827556;-1;1;Autovettura privata;In marcia / fermata / arresto;Passeggero;F;Illeso;0;;Non accertato;Inesistente
1987952;8;02/02/2014 21:00;Strada Urbana;VIA DEL PONTE DI NONA;in corrispondenza;;del civico n. ;81;;Veicolo in marcia contro ostacolo accidentale;Rettilineo;Una carreggiata a doppio senso;Bagnato (pioggia);Asfaltata;Verticale ed orizzontale;Pioggia in atto;Scarso;Insufficiente;Insufficiente;0;0;0;1;;;-1;1;Autovettura privata;In marcia / fermata / arresto;Conducente;M;Illeso;0;;Non accertato;Inesploso
1987953;8;02/02/2014 21:00;Strada Urbana;VIA DEL PONTE DI NONA;in corrispondenza;;del civico n. ;81;;Veicolo in marcia contro ostacolo accidentale;Rettilineo;Una carreggiata a doppio senso;Bagnato (pioggia);Asfaltata;Verticale ed orizzontale;Pioggia in atto;Scarso;Insufficiente;Insufficiente;1;0;0;1;;;-1;1;Autovettura privata;In marcia / fermata / arresto;Conducente;M;Illeso;0;;Non accertato;Inesploso
1987953;8;02/02/2014 21:00;Strada Urbana;VIA DEL PONTE DI NONA;in corrispondenza;;del civico n. ;81;;Veicolo in marcia contro ostacolo accidentale;Rettilineo;Una carreggiata a doppio senso;Bagnato (pioggia);Asfaltata;Verticale ed orizzontale;Pioggia in atto;Scarso;Insufficiente;Insufficiente;1;0;0;1;;;-1;1;Autovettura privata;In marcia / fermata / arresto;Passeggero;F;Rifiuta cure immediate;0;NON DECEDUTO;Non accertato;Inesploso
1987954;8;02/02/2014 21:00;Strada Urbana;VIA DEL PONTE DI NONA;in corrispondenza;;del civico n. ;81;;Veicolo in marcia contro ostacolo accidentale;Rettilineo;Una carreggiata a doppio senso;Bagnato (pioggia);Asfaltata;Verticale ed orizzontale;Pioggia in atto;Scarso;Insufficiente;Insufficiente;0;0;0;2;;;-1;1;Autovettura privata;In marcia / fermata / arresto;Conducente;M;Illeso;0;;Non accertato;Inesploso
1987954;8;02/02/2014 21:00;Strada Urbana;VIA DEL PONTE DI NONA;in corrispondenza;;del civico n. ;81;;Veicolo in marcia contro ostacolo accidentale;Rettilineo;Una carreggiata a doppio senso;Bagnato (pioggia);Asfaltata;Verticale ed orizzontale;Pioggia in atto;Scarso;Insufficiente;Insufficiente;0;0;0;2;;;-1;1;Autovettura privata;In marcia / fermata / arresto;Passeggero;F;Illeso;0;;Non accertato;Inesploso
1987955;15;02/02/2014 02:00;Strada Urbana;VIA DELLA MAGLIANA;in corrispondenza;;del civico n. ;656;;Veicolo in marcia contro ostacolo accidentale;Rettilineo;Una carreggiata a doppio senso;Bagnato (pioggia);Con buche;Assente;Nuvoloso;Scarso;Sufficiente;Sufficiente;0;0;0;2;12.4270904;41.8346321;-1;1;Autovettura privata;In marcia / fermata / arresto;Conducente;M;Illeso;0;;Non accertato;Inesistente
1987955;15;02/02/2014 02:00;Strada Urbana;VIA DELLA MAGLIANA;in corrispondenza;;del civico n. ;656;;Veicolo in marcia contro ostacolo accidentale;Rettilineo;Una carreggiata a doppio senso;Bagnato (pioggia);Con buche;Assente;Nuvoloso;Scarso;Sufficiente;Sufficiente;0;0;0;2;12.4270904;41.8346321;-1;1;Autovettura privata;In marcia / fermata / arresto;Passeggero;M;Illeso;0;;Non accertato;Inesistente
1987956;8;02/02/2014 11:55;Strada Urbana;VIA DI SALONE;da specificare;;;;prima del campo nomadi direzione via noale;Veicolo in marcia contro ostacolo accidentale;Rettilineo;Una carreggiata a doppio senso;Bagnato (pioggia);Asfaltata;Assente;Pioggia in atto;Normale;Buona;Ore Diurne;0;0;0;3;;;-1;1;Autovettura privata;In marcia / fermata / arresto;Conducente;M;Illeso;0;;Non accertato;Inesistente
1987956;8;02/02/2014 11:55;Strada Urbana;VIA DI SALONE;da specificare;;;;prima del campo nomadi direzione via noale;Veicolo in marcia contro ostacolo accidentale;Rettilineo;Una carreggiata a doppio senso;Bagnato (pioggia);Asfaltata;Assente;Pioggia in atto;Normale;Buona;Ore Diurne;0;0;0;3;;;-1;1;Autovettura privata;In marcia / fermata / arresto;Passeggero;F;Illeso;0;;Non accertato;Inesistente
1987956;8;02/02/2014 11:55;Strada Urbana;VIA DI SALONE;da specificare;;;;prima del campo nomadi direzione via noale;Veicolo in marcia contro ostacolo accidentale;Rettilineo;Una carreggiata a doppio senso;Bagnato (pioggia);Asfaltata;Assente;Pioggia in atto;Normale;Buona;Ore Diurne;0;0;0;3;;;-1;1;Autovettura privata;In marcia / fermata / arresto;Passeggero;F;Illeso;0;;Non accertato;Inesistente
1987959;8;02/02/2014 17:50;Strada Urbana;VIA DI TOR BELLA MONACA;da specificare;;;;dir. GRA 100 m prima dell'uscita per via Torrenova;Veicolo in marcia contro ostacolo accidentale;Curva a visuale libera;Due carreggiate;Bagnato (pioggia);Con buche;Verticale ed orizzontale;Pioggia in atto;Normale;Buona;Sufficiente;0;0;0;2;;;-1;1;Autovettura privata;In marcia / fermata / arresto;Conducente;M;Illeso;0;;Non accertato;Inesploso
1987959;8;02/02/2014 17:50;Strada Urbana;VIA DI TOR BELLA MONACA;da specificare;;;;dir. GRA 100 m prima dell'uscita per via Torrenova;Veicolo in marcia contro ostacolo accidentale;Curva a visuale libera;Due carreggiate;Bagnato (pioggia);Con buche;Verticale ed orizzontale;Pioggia in atto;Normale;Buona;Sufficiente;0;0;0;2;;;-1;1;Autovettura privata;In marcia / fermata / arresto;Passeggero;F;Illeso;0;;Non accertato;Inesistente
1987960;11;01/02/2014 19:00;Strada Urbana;VIALE DEL TINTORETTO;all'intersezione con;VIA ANDREA DEL CASTAGNO;VIA ANDREA DEL CASTAGNO;;;Scontro laterale fra veicoli in marcia;Intersezione non regolata/non segnalata;Due carreggiate;Bagnato (umidità in atto);Asfaltata;Verticale ed orizzontale;Nuvoloso;Normale;Sufficiente;Sufficiente;0;0;0;4;12.4876;41.83598;-1;1;Autovettura privata;In marcia / fermata / arresto;Conducente;M;Illeso;0;;Non accertato;Inesistente
1987960;11;01/02/2014 19:00;Strada Urbana;VIALE DEL TINTORETTO;all'intersezione con;VIA ANDREA DEL CASTAGNO;VIA ANDREA DEL CASTAGNO;;;Scontro laterale fra veicoli in marcia;Intersezione non regolata/non segnalata;Due carreggiate;Bagnato (umidità in atto);Asfaltata;Verticale ed orizzontale;Nuvoloso;Normale;Sufficiente;Sufficiente;0;0;0;4;12.4876;41.83598;-1;2;Autovettura privata;In marcia / fermata / arresto;Conducente;M;Illeso;0;;Non accertato;Inesistente
1987960;11;01/02/2014 19:00;Strada Urbana;VIALE DEL TINTORETTO;all'intersezione con;VIA ANDREA DEL CASTAGNO;VIA ANDREA DEL CASTAGNO;;;Scontro laterale fra veicoli in marcia;Intersezione non regolata/non segnalata;Due carreggiate;Bagnato (umidità in atto);Asfaltata;Verticale ed orizzontale;Nuvoloso;Normale;Sufficiente;Sufficiente;0;0;0;4;12.4876;41.83598;-1;2;Autovettura privata;In marcia / fermata / arresto;Passeggero;M;Illeso;0;;Non accertato;Inesistente
1987960;11;01/02/2014 19:00;Strada Urbana;VIALE DEL TINTORETTO;all'intersezione con;VIA ANDREA DEL CASTAGNO;VIA ANDREA DEL CASTAGNO;;;Scontro laterale fra veicoli in marcia;Intersezione non regolata/non segnalata;Due carreggiate;Bagnato (umidità in atto);Asfaltata;Verticale ed orizzontale;Nuvoloso;Normale;Sufficiente;Sufficiente;0;0;0;4;12.4876;41.83598;-1;2;Autovettura privata;In marcia / fermata / arresto;Passeggero;M;Illeso;0;;Non accertato;Inesistente
1987961;20;01/02/2014 17:50;Strada Urbana;VIA DELLA CAMILLUCCIA;in prossimità;;del civico n.;351;;Tamponamento;Rettilineo;Una carreggiata a doppio senso;Bagnato (pioggia);Asfaltata;Verticale ed orizzontale;Pioggia in atto;Normale;Sufficiente;Sufficiente;1;0;0;1;12.44403;41.94001;-1;1;Autovettura privata;In marcia / fermata / arresto;Conducente;M;Illeso;0;;Non accertato;Inesistente
1987961;20;01/02/2014 17:50;Strada Urbana;VIA DELLA CAMILLUCCIA;in prossimità;;del civico n.;351;;Tamponamento;Rettilineo;Una carreggiata a doppio senso;Bagnato (pioggia);Asfaltata;Verticale ed orizzontale;Pioggia in atto;Normale;Sufficiente;Sufficiente;1;0;0;1;12.44403;41.94001;-1;2;Motociclo a solo;In marcia / fermata / arresto;Conducente;M;Ricoverato;0;NON DECEDUTO;Non accertato;Inesistente
1987962;11;02/02/2014 04:30;Strada Urbana;VIA SATURNIA;all'intersezione con;VIA GALLIA;VIA GALLIA;;;Veicolo in marcia contro veicolo in sosta;Intersezione stradale segnalata;Una carreggiata a senso unico di marcia;Bagnato (pioggia);Asfaltata;Verticale ed orizzontale;Pioggia in atto;Scarso;Buona;Sufficiente;1;0;0;2;12.50585;41.87913;-1;1;Autovettura privata;In marcia / fermata / arresto;Conducente;M;Illeso;0;;Utilizzato;Inesistente
1987962;11;02/02/2014 04:30;Strada Urbana;VIA SATURNIA;all'intersezione con;VIA GALLIA;VIA GALLIA;;;Veicolo in marcia contro veicolo in sosta;Intersezione stradale segnalata;Una carreggiata a senso unico di marcia;Bagnato (pioggia);Asfaltata;Verticale ed orizzontale;Pioggia in atto;Scarso;Buona;Sufficiente;1;0;0;2;12.50585;41.87913;-1;1;Autovettura privata;In marcia / fermata / arresto;Passeggero;M;Illeso;0;;Utilizzato;Inesistente
1987962;11;02/02/2014 04:30;Strada Urbana;VIA SATURNIA;all'intersezione con;VIA GALLIA;VIA GALLIA;;;Veicolo in marcia contro veicolo in sosta;Intersezione stradale segnalata;Una carreggiata a senso unico di marcia;Bagnato (pioggia);Asfaltata;Verticale ed orizzontale;Pioggia in atto;Scarso;Buona;Sufficiente;1;0;0;2;12.50585;41.87913;-1;2;Autovettura privata;In marcia / fermata / arresto;Conducente;M;Rimandato;0;NON DECEDUTO;Utilizzato;Inesistente
1987963;15;02/02/2014 18:45;Strada Urbana;PIAZZA AUGUSTO RIGHI;all'intersezione semaforizzata con;PONTE GUGLIELMO MARCONI;PONTE GUGLIELMO MARCONI;;;Scontro laterale fra veicoli in marcia;Intersezione semaforizzata;Una carreggiata a doppio senso;Bagnato (pioggia);Asfaltata;Verticale ed orizzontale;Pioggia in atto;Normale;Sufficiente;Ore Diurne;0;0;0;3;;;-1;1;Autovettura privata;In marcia / fermata / arresto;Conducente;F;Illeso;0;;Utilizzato;Inesistente
1987963;15;02/02/2014 18:45;Strada Urbana;PIAZZA AUGUSTO RIGHI;all'intersezione semaforizzata con;PONTE GUGLIELMO MARCONI;PONTE GUGLIELMO MARCONI;;;Scontro laterale fra veicoli in marcia;Intersezione semaforizzata;Una carreggiata a doppio senso;Bagnato (pioggia);Asfaltata;Verticale ed orizzontale;Pioggia in atto;Normale;Sufficiente;Ore Diurne;0;0;0;3;;;-1;1;Autovettura privata;In marcia / fermata / arresto;Passeggero;M;Illeso;0;;Utilizzato;Inesistente
1987963;15;02/02/2014 18:45;Strada Urbana;PIAZZA AUGUSTO RIGHI;all'intersezione semaforizzata con;PONTE GUGLIELMO MARCONI;PONTE GUGLIELMO MARCONI;;;Scontro laterale fra veicoli in marcia;Intersezione semaforizzata;Una carreggiata a doppio senso;Bagnato (pioggia);Asfaltata;Verticale ed orizzontale;Pioggia in atto;Normale;Sufficiente;Ore Diurne;0;0;0;3;;;-1;2;Autovettura privata;In marcia / fermata / arresto;Conducente;M;Illeso;0;;Utilizzato;Inesistente
1987964;20;02/02/2014 06:00;Provinciale;VIA BRACCIANENSE;in prossimità;;della chilometrica;11.75;;Veicolo in marcia contro ostacolo accidentale;Rettilineo;Una carreggiata a doppio senso;Sdrucciolevole (fango);Strada pavimentata dissestata;Verticale ed orizzontale;Pioggia in atto;Scarso;Buona;Ore Diurne;1;0;0;0;12.30933;42.03633;-1;1;Autovettura privata;In marcia / fermata / arresto;Conducente;F;Rifiuta cure immediate;0;NON DECEDUTO;Utilizzato;Inesploso
1987967;8;02/02/2014 18:30;Strada Urbana;VIA DI TOR BELLA MONACA;da specificare;;;;dir. GRA 100 m prima dell'uscita via di Torrenova;Veicolo in marcia contro ostacolo accidentale;Curva a visuale libera;Due carreggiate;Bagnato (pioggia);Asfaltata;Verticale ed orizzontale;Pioggia in atto;Normale;Sufficiente;Sufficiente;0;0;0;3;;;-1;1;Autovettura privata;In marcia / fermata / arresto;Conducente;M;Illeso;0;;Non accertato;Inesploso
1987967;8;02/02/2014 18:30;Strada Urbana;VIA DI TOR BELLA MONACA;da specificare;;;;dir. GRA 100 m prima dell'uscita via di Torrenova;Veicolo in marcia contro ostacolo accidentale;Curva a visuale libera;Due carreggiate;Bagnato (pioggia);Asfaltata;Verticale ed orizzontale;Pioggia in atto;Normale;Sufficiente;Sufficiente;0;0;0;3;;;-1;1;Autovettura privata;In marcia / fermata / arresto;Passeggero;F;Illeso;0;;Non accertato;Inesistente
1987967;8;02/02/2014 18:30;Strada Urbana;VIA DI TOR BELLA MONACA;da specificare;;;;dir. GRA 100 m prima dell'uscita via di Torrenova;Veicolo in marcia contro ostacolo accidentale;Curva a visuale libera;Due carreggiate;Bagnato (pioggia);Asfaltata;Verticale ed orizzontale;Pioggia in atto;Normale;Sufficiente;Sufficiente;0;0;0;3;;;-1;1;Autovettura privata;In marcia / fermata / arresto;Passeggero;F;Illeso;0;;Non accertato;Inesistente
1987970;15;01/02/2014 22:20;Strada Urbana;VIA DELLA MAGLIANA;da specificare;;;;PROX. N.C. 349;Veicolo in marcia contro ostacolo accidentale;Rettilineo;Due carreggiate;Bagnato (pioggia);Asfaltata;Orizzontale;Nuvoloso;Scarso;Insufficiente;Insufficiente;0;0;0;1;;;-1;1;Autovettura privata;In marcia / fermata / arresto;Conducente;M;Illeso;0;;Utilizzato;Inesistente
1987972;8;01/02/2014 17:20;Strada Urbana;VIA DEL PONTE DI NONA;da specificare;;;;dir. via Collatina 100 m. prima del civico 81;Veicolo in marcia contro ostacolo accidentale;Rettilineo;Una carreggiata a doppio senso;Bagnato (umidità in atto);Asfaltata;Orizzontale;Nuvoloso;Normale;Sufficiente;Insufficiente;0;0;0;2;;;-1;1;Autovettura privata;In marcia / fermata / arresto;Conducente;F;Illeso;0;;Non accertato;Inesploso
1987972;8;01/02/2014 17:20;Strada Urbana;VIA DEL PONTE DI NONA;da specificare;;;;dir. via Collatina 100 m. prima del civico 81;Veicolo in marcia contro ostacolo accidentale;Rettilineo;Una carreggiata a doppio senso;Bagnato (umidità in atto);Asfaltata;Orizzontale;Nuvoloso;Normale;Sufficiente;Insufficiente;0;0;0;2;;;-1;1;Autovettura privata;In marcia / fermata / arresto;Passeggero;M;Illeso;0;;Non accertato;Inesistente
1987977;15;01/02/2014 22:20;Strada Urbana;VIA DELLA MAGLIANA;da specificare;;;;in prossimità del civico 355;Veicolo in marcia contro ostacolo accidentale;Rettilineo;Una carreggiata a doppio senso;Bagnato (pioggia);Con buche;Orizzontale;Nuvoloso;Scarso;Buona;Insufficiente;0;0;0;2;;;-1;1;Autovettura privata;In marcia / fermata / arresto;Conducente;M;Illeso;0;;Utilizzato;Inesistente
1987977;15;01/02/2014 22:20;Strada Urbana;VIA DELLA MAGLIANA;da specificare;;;;in prossimità del civico 355;Veicolo in marcia contro ostacolo accidentale;Rettilineo;Una carreggiata a doppio senso;Bagnato (pioggia);Con buche;Orizzontale;Nuvoloso;Scarso;Buona;Insufficiente;0;0;0;2;;;-1;1;Autovettura privata;In marcia / fermata / arresto;Passeggero;F;Illeso;0;;Utilizzato;Inesistente
1987978;8;01/02/2014 18:00;Strada Urbana;VIALE DI TORRE MAURA;da specificare;;;;altezza via di Torre Spaccata direz. Roma centro;Veicolo in marcia contro ostacolo accidentale;Rettilineo;Due carreggiate;Bagnato (pioggia);Con buche;Orizzontale;Pioggia in atto;Normale;Insufficiente;Sufficiente;0;0;0;3;;;-1;1;Autovettura privata;In marcia / fermata / arresto;Conducente;M;Illeso;0;;Non accertato;Inesistente
1987978;8;01/02/2014 18:00;Strada Urbana;VIALE DI TORRE MAURA;da specificare;;;;altezza via di Torre Spaccata direz. Roma centro;Veicolo in marcia contro ostacolo accidentale;Rettilineo;Due carreggiate;Bagnato (pioggia);Con buche;Orizzontale;Pioggia in atto;Normale;Insufficiente;Sufficiente;0;0;0;3;;;-1;1;Autovettura privata;In marcia / fermata / arresto;Passeggero;F;Illeso;0;;Non accertato;Inesistente
1987978;8;01/02/2014 18:00;Strada Urbana;VIALE DI TORRE MAURA;da specificare;;;;altezza via di Torre Spaccata direz. Roma centro;Veicolo in marcia contro ostacolo accidentale;Rettilineo;Due carreggiate;Bagnato (pioggia);Con buche;Orizzontale;Pioggia in atto;Normale;Insufficiente;Sufficiente;0;0;0;3;;;-1;1;Autovettura privata;In marcia / fermata / arresto;Passeggero;F;Illeso;0;;Non accertato;Inesistente
1987980;5;01/02/2014 12:10;Strada Urbana;VIA TIBURTINA;all'intersezione con;VIA DI TOR CERVARA;VIA DI TOR CERVARA;;;Scontro laterale fra veicoli in marcia;Incrocio;Una carreggiata a doppio senso;Asciutto;Asfaltata;Verticale;Nuvoloso;Normale;Buona;Ore Diurne;1;0;0;1;;;-1;1;Autovettura privata;In marcia / fermata / arresto;Conducente;F;Illeso;0;;Non accertato;Inesistente
1987980;5;01/02/2014 12:10;Strada Urbana;VIA TIBURTINA;all'intersezione con;VIA DI TOR CERVARA;VIA DI TOR CERVARA;;;Scontro laterale fra veicoli in marcia;Incrocio;Una carreggiata a doppio senso;Asciutto;Asfaltata;Verticale;Nuvoloso;Normale;Buona;Ore Diurne;1;0;0;1;;;-1;2;Motociclo a solo;In marcia / fermata / arresto;Conducente;M;Rimandato;0;NON DECEDUTO;Non accertato;Inesistente
1987984;8;02/02/2014 08:50;Strada Urbana;VIA LENTINI;in corrispondenza;;del civico n.;55;;Veicolo in marcia contro ostacolo accidentale;Rettilineo;Una carreggiata a senso unico di marcia;Bagnato (pioggia);Con buche;Verticale ed orizzontale;Pioggia in atto;Scarso;Buona;Ore Diurne;0;0;0;4;12.66597;41.85948;-1;1;Autovettura privata;In marcia / fermata / arresto;Conducente;M;Illeso;0;;Non accertato;Inesploso
1987984;8;02/02/2014 08:50;Strada Urbana;VIA LENTINI;in corrispondenza;;del civico n.;55;;Veicolo in marcia contro ostacolo accidentale;Rettilineo;Una carreggiata a senso unico di marcia;Bagnato (pioggia);Con buche;Verticale ed orizzontale;Pioggia in atto;Scarso;Buona;Ore Diurne;0;0;0;4;12.66597;41.85948;-1;1;Autovettura privata;In marcia / fermata / arresto;Passeggero;F;Illeso;0;;Non accertato;Inesistente
1987984;8;02/02/2014 08:50;Strada Urbana;VIA LENTINI;in corrispondenza;;del civico n.;55;;Veicolo in marcia contro ostacolo accidentale;Rettilineo;Una carreggiata a senso unico di marcia;Bagnato (pioggia);Con buche;Verticale ed orizzontale;Pioggia in atto;Scarso;Buona;Ore Diurne;0;0;0;4;12.66597;41.85948;-1;1;Autovettura privata;In marcia / fermata / arresto;Passeggero;F;Illeso;0;;Non accertato;Inesistente
1987984;8;02/02/2014 08:50;Strada Urbana;VIA LENTINI;in corrispondenza;;del civico n.;55;;Veicolo in marcia contro ostacolo accidentale;Rettilineo;Una carreggiata a senso unico di marcia;Bagnato (pioggia);Con buche;Verticale ed orizzontale;Pioggia in atto;Scarso;Buona;Ore Diurne;0;0;0;4;12.66597;41.85948;-1;1;Autovettura privata;In marcia / fermata / arresto;Passeggero;M;Illeso;0;;Non accertato;Inesistente
1987986;15;03/02/2014 21:00;Strada Urbana;VIA DELLA MAGLIANA;da specificare;;;;in prossimità del civico 355;Veicolo in marcia contro ostacolo accidentale;Rettilineo;Una carreggiata a doppio senso;Bagnato (pioggia);Con buche;Orizzontale;Nuvoloso;Scarso;Buona;Insufficiente;0;0;0;2;;;-1;1;Autovettura privata;In marcia / fermata / arresto;Conducente;M;Illeso;0;;Utilizzato;Inesistente
1987986;15;03/02/2014 21:00;Strada Urbana;VIA DELLA MAGLIANA;da specificare;;;;in prossimità del civico 355;Veicolo in marcia contro ostacolo accidentale;Rettilineo;Una carreggiata a doppio senso;Bagnato (pioggia);Con buche;Orizzontale;Nuvoloso;Scarso;Buona;Insufficiente;0;0;0;2;;;-1;1;Autovettura privata;In marcia / fermata / arresto;Passeggero;F;Illeso;0;;Utilizzato;Inesistente
1987987;5;01/02/2014 07:40;Strada Urbana;VIALE KANT;da specificare;;;;altezza mercato via Comte;Veicolo in marcia contro ostacolo fisso;Rettilineo;Due carreggiate;Bagnato (umidità in atto);Asfaltata;Verticale ed orizzontale;Nuvoloso;Normale;Buona;Ore Diurne;1;0;0;1;;;-1;1;Autovettura privata;In marcia / fermata / arresto;Conducente;M;Rimandato;0;NON DECEDUTO;Non accertato;Inesploso
1987987;5;01/02/2014 07:40;Strada Urbana;VIALE KANT;da specificare;;;;altezza mercato via Comte;Veicolo in marcia contro ostacolo fisso;Rettilineo;Due carreggiate;Bagnato (umidità in atto);Asfaltata;Verticale ed orizzontale;Nuvoloso;Normale;Buona;Ore Diurne;1;0;0;1;;;-1;1;Autovettura privata;In marcia / fermata / arresto;Passeggero;F;Illeso;0;;Non accertato;Inesploso
1987988;8;02/02/2014 13:20;Strada Urbana;VIA DI TOR BELLA MONACA;da specificare;;;;dir. gra tra via quaglia e inversione di marcia;Scontro laterale fra veicoli in marcia;Rettilineo;Due carreggiate;Bagnato (pioggia);Asfaltata;Verticale ed orizzontale;Pioggia in atto;Normale;Buona;Ore Diurne;0;0;0;3;;;-1;1;Autovettura privata;In marcia / fermata / arresto;Conducente;M;Illeso;0;;Non accertato;Inesploso
1987988;8;02/02/2014 13:20;Strada Urbana;VIA DI TOR BELLA MONACA;da specificare;;;;dir. gra tra via quaglia e inversione di marcia;Scontro laterale fra veicoli in marcia;Rettilineo;Due carreggiate;Bagnato (pioggia);Asfaltata;Verticale ed orizzontale;Pioggia in atto;Normale;Buona;Ore Diurne;0;0;0;3;;;-1;1;Autovettura privata;In marcia / fermata / arresto;Passeggero;F;Illeso;0;;Non accertato;Inesistente
1987988;8;02/02/2014 13:20;Strada Urbana;VIA DI TOR BELLA MONACA;da specificare;;;;dir. gra tra via quaglia e inversione di marcia;Scontro laterale fra veicoli in marcia;Rettilineo;Due carreggiate;Bagnato (pioggia);Asfaltata;Verticale ed orizzontale;Pioggia in atto;Normale;Buona;Ore Diurne;0;0;0;3;;;-1;2;Autobus turistico;In marcia / fermata / arresto;Conducente;M;Illeso;0;;Non accertato;Inesploso
1987989;11;02/02/2014 21:30;Strada Urbana;VIA CRISTOFORO COLOMBO;all'intersezione semaforizzata con;VIA DI GROTTA PERFETTA;VIA DI GROTTA PERFETTA;;;Scontro laterale fra veicoli in marcia;Intersezione semaforizzata;Più di due carreggiate;Bagnato (pioggia);Asfaltata;Verticale ed orizzontale;Pioggia in atto;Normale;Buona;Sufficiente;0;0;0;2;;;-1;1;Autovettura privata;In marcia / fermata / arresto;Conducente;M;Illeso;0;;Non accertato;Inesploso
1987989;11;02/02/2014 21:30;Strada Urbana;VIA CRISTOFORO COLOMBO;all'intersezione semaforizzata con;VIA DI GROTTA PERFETTA;VIA DI GROTTA PERFETTA;;;Scontro laterale fra veicoli in marcia;Intersezione semaforizzata;Più di due carreggiate;Bagnato (pioggia);Asfaltata;Verticale ed orizzontale;Pioggia in atto;Normale;Buona;Sufficiente;0;0;0;2;;;-1;2;Autovettura privata;In marcia / fermata / arresto;Conducente;M;Illeso;0;;Non accertato;Inesploso
1987990;8;02/02/2014 10:00;Strada Urbana;LARGO MONREALE;in prossimità;;del civico n. ;21;;Veicolo in marcia contro ostacolo accidentale;Rettilineo;Una carreggiata a senso unico di marcia;Bagnato (pioggia);In cubetti di porfido;Orizzontale;Pioggia in atto;Normale;Buona;Ore Diurne;0;0;0;1;12.6706155;41.8612035;-1;1;Autovettura privata;In marcia / fermata / arresto;Conducente;M;Illeso;0;;Non accertato;Inesploso
1987991;10;02/02/2014 13:30;Strada Urbana;VIA LUCREZIA ROMANA;all'intersezione con;VIA MARIO BROGLIO;VIA MARIO BROGLIO;;;Scontro frontale/laterale DX fra veicoli in marcia;Incrocio;Una carreggiata a doppio senso;Bagnato (pioggia);Asfaltata;Verticale ed orizzontale;Pioggia in atto;Scarso;Buona;Ore Diurne;3;0;0;0;12.57839;41.83224;-1;1;Autovettura privata;In marcia / fermata / arresto;Conducente;M;Rimandato;0;NON DECEDUTO;Non accertato;Esploso
1987991;10;02/02/2014 13:30;Strada Urbana;VIA LUCREZIA ROMANA;all'intersezione con;VIA MARIO BROGLIO;VIA MARIO BROGLIO;;;Scontro frontale/laterale DX fra veicoli in marcia;Incrocio;Una carreggiata a doppio senso;Bagnato (pioggia);Asfaltata;Verticale ed orizzontale;Pioggia in atto;Scarso;Buona;Ore Diurne;3;0;0;0;12.57839;41.83224;-1;2;Autovettura privata;In marcia / fermata / arresto;Conducente;F;Rimandato;0;NON DECEDUTO;;Esploso
1987991;10;02/02/2014 13:30;Strada Urbana;VIA LUCREZIA ROMANA;all'intersezione con;VIA MARIO BROGLIO;VIA MARIO BROGLIO;;;Scontro frontale/laterale DX fra veicoli in marcia;Incrocio;Una carreggiata a doppio senso;Bagnato (pioggia);Asfaltata;Verticale ed orizzontale;Pioggia in atto;Scarso;Buona;Ore Diurne;3;0;0;0;12.57839;41.83224;-1;2;Autovettura privata;In marcia / fermata / arresto;Passeggero;M;Rimandato;0;NON DECEDUTO;Non accertato;Esploso