Protocollo;Gruppo;DataOraIncidente;Localizzazione1;STRADA1;Localizzazione2;STRADA2;Strada02;Chilometrica;DaSpecificare;NaturaIncidente;particolaritastrade;TipoStrada;FondoStradale;Pavimentazione;Segnaletica;CondizioneAtmosferica;Traffico;Visibilita;Illuminazione;NUM_FERITI;NUM_RISERVATA;NUM_MORTI;NUM_ILLESI;Longitudine;Latitudine;Confermato;Progressivo;TipoVeicolo;StatoVeicolo;TipoPersona;Sesso;Tipolesione;Deceduto;DecedutoDopo;CinturaCascoUtilizzato;Airbag
1991514;16;05/02/2014 12:10;Strada Urbana;VIA CARLO PORTA;all'intersezione con;VIA PORTUENSE;VIA PORTUENSE;;;Scontro laterale fra veicoli in marcia;Incrocio;Una carreggiata a senso unico di marcia;Bagnato (umidità in atto);Asfaltata;Assente;Nuvoloso;Normale;Buona;Ore Diurne;0;0;0;2;12.46674;41.87562;-1;2;Autovettura privata;In marcia / fermata / arresto;Conducente;M;Illeso;0;;Non accertato;Inesistente
1991518;7;06/02/2014 12:30;Strada Urbana;VIALE PALMIRO TOGLIATTI;in prossimità;;del civico n. ;489;;Tamponamento Multiplo;Rettilineo;Due carreggiate;Asciutto;Asfaltata;Verticale ed orizzontale;Nuvoloso;Intenso;Buona;Ore Diurne;0;0;0;3;12.568587;41.872292;-1;1;Autovettura privata;In marcia / fermata / arresto;Conducente;M;Illeso;0;;Non accertato;Inesistente
1991518;7;06/02/2014 12:30;Strada Urbana;VIALE PALMIRO TOGLIATTI;in prossimità;;del civico n. ;489;;Tamponamento Multiplo;Rettilineo;Due carreggiate;Asciutto;Asfaltata;Verticale ed orizzontale;Nuvoloso;Intenso;Buona;Ore Diurne;0;0;0;3;12.568587;41.872292;-1;2;Autovettura privata;In marcia / fermata / arresto;Conducente;F;Illeso;0;;Non accertato;Inesploso
1991518;7;06/02/2014 12:30;Strada Urbana;VIALE PALMIRO TOGLIATTI;in prossimità;;del civico n. ;489;;Tamponamento Multiplo;Rettilineo;Due carreggiate;Asciutto;Asfaltata;Verticale ed orizzontale;Nuvoloso;Intenso;Buona;Ore Diurne;0;0;0;3;12.568587;41.872292;-1;3;Autovettura privata;In marcia / fermata / arresto;Conducente;M;Illeso;0;;Non accertato;Inesploso
1991519;12;05/02/2014 15:20;Provinciale;VIA ARDEATINA;da specificare;;;;direzione Ardea km 11,500;Veicolo in marcia contro ostacolo accidentale;Curva senza visuale libera;Una carreggiata a doppio senso;Bagnato (pioggia);Con buche;Verticale;Pioggia in atto;Normale;Buona;Ore Diurne;0;0;0;2;;;-1;1;Autovettura privata;In marcia / fermata / arresto;Conducente;M;Illeso;0;;Utilizzato;Inesploso
1991519;12;05/02/2014 15:20;Provinciale;VIA ARDEATINA;da specificare;;;;direzione Ardea km 11,500;Veicolo in marcia contro ostacolo accidentale;Curva senza visuale libera;Una carreggiata a doppio senso;Bagnato (pioggia);Con buche;Verticale;Pioggia in atto;Normale;Buona;Ore Diurne;0;0;0;2;;;-1;1;Autovettura privata;In marcia / fermata / arresto;Passeggero;M;Illeso;0;;Utilizzato;Inesploso
1991536;12;06/02/2014 00:27;Strada Urbana;VIALE FILIPPO TOMMASO MARINETTI;da specificare;;;;PROSSIMITA' V. M. R. TANCREDI;Veicolo in marcia contro ostacolo fisso;Rettilineo;Una carreggiata a senso unico di marcia;Bagnato (pioggia);Con buche;Verticale ed orizzontale;Pioggia in atto;Scarso;Sufficiente;Sufficiente;0;0;0;1;12.47941;41.80718;-1;1;Autovettura privata;In marcia / fermata / arresto;Conducente;F;Illeso;0;;Non accertato;Inesistente
1991542;12;05/02/2014 14:05;Regionale;VIA PONTINA;da specificare;;;;altezza G.R.A.;Veicolo in marcia contro ostacolo accidentale;Rettilineo;Due carreggiate;Asciutto;Asfaltata;Verticale ed orizzontale;Nuvoloso;Normale;Buona;Ore Diurne;0;0;0;1;12.45258;41.7961;-1;1;Autovettura privata;In marcia / fermata / arresto;Conducente;M;Illeso;0;;Utilizzato;Inesistente
1991549;12;05/02/2014 14:20;Comunale extraurbana;VIA IRIS VERSARI;da specificare;;;;alt. immissione  lat. C.Colombo dir. Roma;Veicolo in marcia contro ostacolo accidentale;Rettilineo;Una carreggiata a senso unico di marcia;Asciutto;Con buche;Verticale ed orizzontale;Nuvoloso;Normale;Buona;Ore Diurne;0;0;0;2;12.44072;41.79828;-1;1;Autovettura privata;In marcia / fermata / arresto;Conducente;M;Illeso;0;;Utilizzato;Inesploso
1991549;12;05/02/2014 14:20;Comunale extraurbana;VIA IRIS VERSARI;da specificare;;;;alt. immissione  lat. C.Colombo dir. Roma;Veicolo in marcia contro ostacolo accidentale;Rettilineo;Una carreggiata a senso unico di marcia;Asciutto;Con buche;Verticale ed orizzontale;Nuvoloso;Normale;Buona;Ore Diurne;0;0;0;2;12.44072;41.79828;-1;1;Autovettura privata;In marcia / fermata / arresto;Passeggero;F;Illeso;0;;Utilizzato;Inesploso
1991550;12;06/02/2014 11:30;Strada Urbana;VIALE BEETHOVEN;da specificare;;;;in corrispondenza parcheggio del dipartimento IX;Veicolo in marcia contro veicolo in sosta;Rettilineo;Una carreggiata a doppio senso;Asciutto;Asfaltata;Verticale ed orizzontale;Nuvoloso;Scarso;Buona;Ore Diurne;0;0;0;1;12.46793;41.83566;-1;1;Autovettura privata;Sosta;Passeggero;F;Illeso;0;;Non accertato;Inesistente
1991552;5;05/02/2014 17:00;Strada Urbana;VIA GIUSEPPE DONATI;all'intersezione con;VIA ALFREDO COMANDINI;VIA ALFREDO COMANDINI;;;Veicolo in marcia contro ostacolo accidentale;Incrocio;Una carreggiata a doppio senso;Asciutto;Asfaltata;Orizzontale;Sereno;Normale;Buona;Ore Diurne;0;0;0;2;12.55312;41.90841;-1;1;Autovettura privata;In marcia / fermata / arresto;Conducente;F;Illeso;0;;Non accertato;Inesistente
1991552;5;05/02/2014 17:00;Strada Urbana;VIA GIUSEPPE DONATI;all'intersezione con;VIA ALFREDO COMANDINI;VIA ALFREDO COMANDINI;;;Veicolo in marcia contro ostacolo accidentale;Incrocio;Una carreggiata a doppio senso;Asciutto;Asfaltata;Orizzontale;Sereno;Normale;Buona;Ore Diurne;0;0;0;2;12.55312;41.90841;-1;1;Autovettura privata;In marcia / fermata / arresto;Passeggero;M;Illeso;0;;Non accertato;Inesistente
1991554;16;05/02/2014 15:25;Strada Urbana;VIA QUIRINO MAJORANA;da specificare;;;;in prossimità C.ne Gianicolense;Scontro laterale fra veicoli in marcia;Rettilineo;Una carreggiata a senso unico di marcia;Asciutto;Asfaltata;Verticale ed orizzontale;Nuvoloso;Intenso;Buona;Ore Diurne;0;0;0;2;12.46208;41.86846;-1;1;Autovettura pubblica;In marcia / fermata / arresto;Conducente;M;Illeso;0;;Non accertato;Inesploso
1991554;16;05/02/2014 15:25;Strada Urbana;VIA QUIRINO MAJORANA;da specificare;;;;in prossimità C.ne Gianicolense;Scontro laterale fra veicoli in marcia;Rettilineo;Una carreggiata a senso unico di marcia;Asciutto;Asfaltata;Verticale ed orizzontale;Nuvoloso;Intenso;Buona;Ore Diurne;0;0;0;2;12.46208;41.86846;-1;2;Autocarro inferiore 35 q.;In marcia / fermata / arresto;Conducente;M;Illeso;0;;Non accertato;Inesistente
1991559;12;06/02/2014 06:50;Provinciale;VIA ARDEATINA;da specificare;;;;prossimità V. Spregamore direzione Roma;Veicolo in marcia contro ostacolo accidentale;Rettilineo;Una carreggiata a doppio senso;Bagnato (pioggia);Con buche;Verticale ed orizzontale;Pioggia in atto;Intenso;Sufficiente;Ore Diurne;0;0;0;1;12.56268;41.73637;-1;1;Autovettura privata;In marcia / fermata / arresto;Conducente;M;Illeso;0;;Utilizzato;Inesploso
1991562;9;06/02/2014 09:40;Strada Urbana;VIA GENZANO;all'intersezione con;VIA ROCCA DI PAPA;VIA ROCCA DI PAPA;;;Scontro frontale/laterale DX fra veicoli in marcia;Incrocio;Una carreggiata a doppio senso;Asciutto;Asfaltata;Verticale ed orizzontale;Sereno;Normale;Buona;Ore Diurne;1;0;0;2;12.5349;41.86928;-1;1;Autovettura privata;In marcia / fermata / arresto;Conducente;M;Illeso;0;;Utilizzato;Inesploso
1991562;9;06/02/2014 09:40;Strada Urbana;VIA GENZANO;all'intersezione con;VIA ROCCA DI PAPA;VIA ROCCA DI PAPA;;;Scontro frontale/laterale DX fra veicoli in marcia;Incrocio;Una carreggiata a doppio senso;Asciutto;Asfaltata;Verticale ed orizzontale;Sereno;Normale;Buona;Ore Diurne;1;0;0;2;12.5349;41.86928;-1;2;Autovettura privata;In marcia / fermata / arresto;Conducente;M;Rimandato;0;NON DECEDUTO;Utilizzato;Inesploso
1991562;9;06/02/2014 09:40;Strada Urbana;VIA GENZANO;all'intersezione con;VIA ROCCA DI PAPA;VIA ROCCA DI PAPA;;;Scontro frontale/laterale DX fra veicoli in marcia;Incrocio;Una carreggiata a doppio senso;Asciutto;Asfaltata;Verticale ed orizzontale;Sereno;Normale;Buona;Ore Diurne;1;0;0;2;12.5349;41.86928;-1;3;Autovettura privata;In marcia / fermata / arresto;Conducente;M;Illeso;0;;Utilizzato;Inesploso
1991574;16;05/02/2014 18:30;Strada Urbana;VIALE DI TRASTEVERE;in prossimità;;del civico n.;274;;Scontro frontale/laterale SX fra veicoli in marcia;Rettilineo;Una carreggiata a senso unico di marcia;Bagnato (pioggia);Asfaltata;Verticale ed orizzontale;Nuvoloso;Normale;Sufficiente;Sufficiente;1;0;0;1;12.46576;41.87465;-1;1;Motociclo a solo;In marcia / fermata / arresto;Conducente;M;Rimandato;0;NON DECEDUTO;Non accertato;Inesistente
1991574;16;05/02/2014 18:30;Strada Urbana;VIALE DI TRASTEVERE;in prossimità;;del civico n.;274;;Scontro frontale/laterale SX fra veicoli in marcia;Rettilineo;Una carreggiata a senso unico di marcia;Bagnato (pioggia);Asfaltata;Verticale ed orizzontale;Nuvoloso;Normale;Sufficiente;Sufficiente;1;0;0;1;12.46576;41.87465;-1;2;Autovettura privata;In marcia / fermata / arresto;Conducente;M;Illeso;0;;Non accertato;Inesistente
1991575;10;06/02/2014 12:15;Strada Urbana;VIA FRANCESCO MEATTINI;da specificare;;;;all'altezza di Via R.Guruzian dir. Via E. Giulioli;Veicolo in marcia contro ostacolo accidentale;Rettilineo;Una carreggiata a doppio senso;Asciutto;Asfaltata;Verticale ed orizzontale;Sereno;Scarso;Buona;Ore Diurne;0;0;0;1;12.58065;41.85056;-1;1;Autovettura privata;In marcia / fermata / arresto;Conducente;F;Illeso;0;;Non accertato;Inesploso
1991580;5;06/02/2014 08:00;Strada Urbana;VIALE DEL TECNOPOLO;all'intersezione semaforizzata con;VIA DELLE CASE ROSSE;VIA DELLE CASE ROSSE;;;Scontro frontale/laterale SX fra veicoli in marcia;Incrocio;Una carreggiata a doppio senso;Asciutto;Asfaltata;Verticale ed orizzontale;Nuvoloso;Normale;Buona;Ore Diurne;1;0;0;2;12.63659;41.92745;-1;1;Autoarticolato;In marcia / fermata / arresto;Conducente;M;Illeso;0;;Non accertato;
1991580;5;06/02/2014 08:00;Strada Urbana;VIALE DEL TECNOPOLO;all'intersezione semaforizzata con;VIA DELLE CASE ROSSE;VIA DELLE CASE ROSSE;;;Scontro frontale/laterale SX fra veicoli in marcia;Incrocio;Una carreggiata a doppio senso;Asciutto;Asfaltata;Verticale ed orizzontale;Nuvoloso;Normale;Buona;Ore Diurne;1;0;0;2;12.63659;41.92745;-1;2;Autovettura privata;In marcia / fermata / arresto;Conducente;M;Illeso;0;;Non accertato;
1991580;5;06/02/2014 08:00;Strada Urbana;VIALE DEL TECNOPOLO;all'intersezione semaforizzata con;VIA DELLE CASE ROSSE;VIA DELLE CASE ROSSE;;;Scontro frontale/laterale SX fra veicoli in marcia;Incrocio;Una carreggiata a doppio senso;Asciutto;Asfaltata;Verticale ed orizzontale;Nuvoloso;Normale;Buona;Ore Diurne;1;0;0;2;12.63659;41.92745;-1;3;Autovettura privata;In marcia / fermata / arresto;Conducente;M;Rimandato;0;NON DECEDUTO;Non accertato;
1991582;9;06/02/2014 16:00;Strada Urbana;VIA APPIA NUOVA;in prossimità;;del civico n.;117;;Scontro frontale fra veicoli in marcia;Rettilineo;Due carreggiate;Asciutto;Asfaltata;Verticale ed orizzontale;Sereno;Normale;Buona;Ore Diurne;0;0;0;2;12.5130233;41.8828965;-1;1;Autovettura privata;In marcia / fermata / arresto;Conducente;M;Illeso;0;;Non accertato;Inesistente
1991582;9;06/02/2014 16:00;Strada Urbana;VIA APPIA NUOVA;in prossimità;;del civico n.;117;;Scontro frontale fra veicoli in marcia;Rettilineo;Due carreggiate;Asciutto;Asfaltata;Verticale ed orizzontale;Sereno;Normale;Buona;Ore Diurne;0;0;0;2;12.5130233;41.8828965;-1;2;Motociclo a solo;In marcia / fermata / arresto;Conducente;M;Illeso;0;;Non accertato;Inesistente
1991584;16;05/02/2014 20:30;Strada Urbana;VIALE GUGLIELMO MARCONI;in prossimità;;del civico n.;202;;Scontro laterale fra veicoli in marcia;Rettilineo;Due carreggiate;Bagnato (pioggia);Asfaltata;Verticale ed orizzontale;Pioggia in atto;Intenso;Sufficiente;Sufficiente;1;0;0;3;12.4688;41.86519;-1;1;Autovettura privata;In marcia / fermata / arresto;Conducente;M;Rimandato;0;NON DECEDUTO;Non accertato;Inesistente
1991584;16;05/02/2014 20:30;Strada Urbana;VIALE GUGLIELMO MARCONI;in prossimità;;del civico n.;202;;Scontro laterale fra veicoli in marcia;Rettilineo;Due carreggiate;Bagnato (pioggia);Asfaltata;Verticale ed orizzontale;Pioggia in atto;Intenso;Sufficiente;Sufficiente;1;0;0;3;12.4688;41.86519;-1;2;Autocarro inferiore 35 q.;In marcia / fermata / arresto;Conducente;M;Illeso;0;;Non accertato;Inesistente
1991584;16;05/02/2014 20:30;Strada Urbana;VIALE GUGLIELMO MARCONI;in prossimità;;del civico n.;202;;Scontro laterale fra veicoli in marcia;Rettilineo;Due carreggiate;Bagnato (pioggia);Asfaltata;Verticale ed orizzontale;Pioggia in atto;Intenso;Sufficiente;Sufficiente;1;0;0;3;12.4688;41.86519;-1;3;Autovettura privata;In marcia / fermata / arresto;Conducente;M;Illeso;0;;Non accertato;Inesistente
1991584;16;05/02/2014 20:30;Strada Urbana;VIALE GUGLIELMO MARCONI;in prossimità;;del civico n.;202;;Scontro laterale fra veicoli in marcia;Rettilineo;Due carreggiate;Bagnato (pioggia);Asfaltata;Verticale ed orizzontale;Pioggia in atto;Intenso;Sufficiente;Sufficiente;1;0;0;3;12.4688;41.86519;-1;4;Autovettura privata;In marcia / fermata / arresto;Conducente;F;Illeso;0;;Non accertato;Inesistente
1991586;5;06/02/2014 10:45;Strada Urbana;VIA TIBURTINA;in prossimità;;del civico n. ;1051;;Scontro laterale fra veicoli in marcia;Rettilineo;Una carreggiata a doppio senso;Asciutto;Asfaltata;Orizzontale;Sereno;Normale;Buona;Ore Diurne;0;0;0;3;12.5834222;41.9324455;-1;1;Autovettura privata;In marcia / fermata / arresto;Conducente;M;Illeso;0;;Non accertato;Inesistente
1991586;5;06/02/2014 10:45;Strada Urbana;VIA TIBURTINA;in prossimità;;del civico n. ;1051;;Scontro laterale fra veicoli in marcia;Rettilineo;Una carreggiata a doppio senso;Asciutto;Asfaltata;Orizzontale;Sereno;Normale;Buona;Ore Diurne;0;0;0;3;12.5834222;41.9324455;-1;1;Autovettura privata;In marcia / fermata / arresto;Passeggero;F;Illeso;0;;Non accertato;Inesploso
1991586;5;06/02/2014 10:45;Strada Urbana;VIA TIBURTINA;in prossimità;;del civico n. ;1051;;Scontro laterale fra veicoli in marcia;Rettilineo;Una carreggiata a doppio senso;Asciutto;Asfaltata;Orizzontale;Sereno;Normale;Buona;Ore Diurne;0;0;0;3;12.5834222;41.9324455;-1;2;Autovettura privata;In marcia / fermata / arresto;Conducente;M;Illeso;0;;Non accertato;Inesistente
1991587;5;06/02/2014 10:40;Strada Urbana;VIALE DEL TECNOPOLO;all'intersezione semaforizzata con;VIA GIUSEPPE GAGLIANI CAPUTO;VIA GIUSEPPE GAGLIANI CAPUTO;;;Veicolo in marcia contro ostacolo fisso;Incrocio;Due carreggiate;Asciutto;Asfaltata;Verticale ed orizzontale;Nuvoloso;Scarso;Buona;Ore Diurne;0;0;0;1;12.63594;41.92863;-1;1;Autovettura privata;In marcia / fermata / arresto;Conducente;F;Illeso;0;;Non accertato;
1991588;8;06/02/2014 10:50;Strada Urbana;VIA DI VERMICINO;in prossimità;;del civico n.;149;;Veicolo in marcia contro veicolo in sosta;Rettilineo;Una carreggiata a doppio senso;Asciutto;Asfaltata;Verticale ed orizzontale;Sereno;Normale;Buona;Ore Diurne;0;0;0;1;12.67479;41.85427;-1;2;Autovettura privata;In marcia / fermata / arresto;Conducente;F;Illeso;0;;Non accertato;Inesploso
1991591;8;06/02/2014 12:40;Strada Urbana;VIALE DI TORRE MAURA;all'intersezione semaforizzata con;VIA DELLE GHIANDAIE;VIA DELLE GHIANDAIE;;;Veicolo in marcia contro ostacolo accidentale;Intersezione semaforizzata;Due carreggiate;Asciutto;Con buche;Verticale ed orizzontale;Sereno;Normale;Buona;Ore Diurne;0;0;0;1;;;-1;1;Autovettura privata;In marcia / fermata / arresto;Conducente;M;Illeso;0;;Non accertato;Inesistente
1991593;8;06/02/2014 09:30;Statale entro l'abitato;VIA CASILINA;in prossimità;;del civico n.;1670;;Scontro laterale fra veicoli in marcia;Rettilineo;Una carreggiata a doppio senso;Asciutto;Asfaltata;Verticale ed orizzontale;Sereno;Intenso;Buona;Ore Diurne;0;0;0;3;12.6482;41.86242;-1;1;Autocarro inferiore 35 q.;In marcia / fermata / arresto;Conducente;M;Illeso;0;;Non accertato;Inesploso
1991593;8;06/02/2014 09:30;Statale entro l'abitato;VIA CASILINA;in prossimità;;del civico n.;1670;;Scontro laterale fra veicoli in marcia;Rettilineo;Una carreggiata a doppio senso;Asciutto;Asfaltata;Verticale ed orizzontale;Sereno;Intenso;Buona;Ore Diurne;0;0;0;3;12.6482;41.86242;-1;2;Autovettura privata;In marcia / fermata / arresto;Conducente;F;Illeso;0;;Non accertato;Inesistente
1991593;8;06/02/2014 09:30;Statale entro l'abitato;VIA CASILINA;in prossimità;;del civico n.;1670;;Scontro laterale fra veicoli in marcia;Rettilineo;Una carreggiata a doppio senso;Asciutto;Asfaltata;Verticale ed orizzontale;Sereno;Intenso;Buona;Ore Diurne;0;0;0;3;12.6482;41.86242;-1;2;Autovettura privata;In marcia / fermata / arresto;Passeggero;M;Illeso;0;;Non accertato;Inesistente
1991596;9;06/02/2014 17:55;Strada Urbana;VIA TARANTO;all'intersezione semaforizzata con;VIA RIMINI;VIA RIMINI;;;Scontro frontale/laterale SX fra veicoli in marcia;Incrocio;Una carreggiata a doppio senso;Asciutto;Asfaltata;Verticale ed orizzontale;Sereno;Normale;Sufficiente;Sufficiente;0;0;0;2;12.51287;41.88495;-1;1;Autovettura privata;In marcia / fermata / arresto;Conducente;M;Illeso;0;;Non accertato;Inesistente
1991596;9;06/02/2014 17:55;Strada Urbana;VIA TARANTO;all'intersezione semaforizzata con;VIA RIMINI;VIA RIMINI;;;Scontro frontale/laterale SX fra veicoli in marcia;Incrocio;Una carreggiata a doppio senso;Asciutto;Asfaltata;Verticale ed orizzontale;Sereno;Normale;Sufficiente;Sufficiente;0;0;0;2;12.51287;41.88495;-1;2;Motociclo a solo;In marcia / fermata / arresto;Conducente;F;Illeso;0;;Non accertato;Inesistente
1991597;8;06/02/2014 09:30;Strada Urbana;VIA GIOVANNI ARTUSI;in corrispondenza;;del palo luce n. ;1;;Veicolo in marcia contro ostacolo accidentale;Rettilineo;Una carreggiata a senso unico di marcia;Bagnato (pioggia);Con buche;Assente;Nuvoloso;Normale;Sufficiente;Ore Diurne;0;0;0;1;;;-1;1;Autovettura privata;In marcia / fermata / arresto;Conducente;M;Illeso;0;;Non accertato;Inesploso
1991598;8;06/02/2014 14:10;Strada Urbana;VIA GIOVANNI ARTUSI;in prossimità;;del palo luce n. ;2;;Veicolo in marcia contro ostacolo accidentale;Curva a visuale libera;Una carreggiata a senso unico di marcia;Sdrucciolevole (fango);Strada pavimentata dissestata;Assente;Sereno;Scarso;Sufficiente;Ore Diurne;0;0;0;2;;;-1;1;Autovettura privata;In marcia / fermata / arresto;Conducente;F;Illeso;0;;Non utilizzato;Inesistente
1991598;8;06/02/2014 14:10;Strada Urbana;VIA GIOVANNI ARTUSI;in prossimità;;del palo luce n. ;2;;Veicolo in marcia contro ostacolo accidentale;Curva a visuale libera;Una carreggiata a senso unico di marcia;Sdrucciolevole (fango);Strada pavimentata dissestata;Assente;Sereno;Scarso;Sufficiente;Ore Diurne;0;0;0;2;;;-1;1;Autovettura privata;In marcia / fermata / arresto;Passeggero;F;Illeso;0;;Non accertato;Inesistente
1991600;8;06/02/2014 14:00;Strada Urbana;VIA DI TOR BELLA MONACA;da specificare;;;;in prox cavalcavia Anderloni;Veicolo in marcia contro ostacolo accidentale;Rettilineo;Due carreggiate;Asciutto;Asfaltata;Orizzontale;Sereno;Normale;Buona;Ore Diurne;0;0;0;2;12.6294;41.87529;-1;1;Autovettura privata;In marcia / fermata / arresto;Conducente;M;Illeso;0;;Non accertato;Inesistente
1991600;8;06/02/2014 14:00;Strada Urbana;VIA DI TOR BELLA MONACA;da specificare;;;;in prox cavalcavia Anderloni;Veicolo in marcia contro ostacolo accidentale;Rettilineo;Due carreggiate;Asciutto;Asfaltata;Orizzontale;Sereno;Normale;Buona;Ore Diurne;0;0;0;2;12.6294;41.87529;-1;1;Autovettura privata;In marcia / fermata / arresto;Passeggero;F;Illeso;0;;Non accertato;Inesistente
1991601;8;06/02/2014 14:40;Strada Urbana;VIA DI TOR BELLA MONACA;da specificare;;;;alt. cavalcavia Anderloni;Veicolo in marcia contro ostacolo accidentale;Rettilineo;Due carreggiate;Asciutto;Asfaltata;Orizzontale;Sereno;Normale;Buona;Ore Diurne;0;0;0;2;12.62948;41.87514;-1;1;Autovettura privata;In marcia / fermata / arresto;Conducente;M;Illeso;0;;Non accertato;Inesistente
1991601;8;06/02/2014 14:40;Strada Urbana;VIA DI TOR BELLA MONACA;da specificare;;;;alt. cavalcavia Anderloni;Veicolo in marcia contro ostacolo accidentale;Rettilineo;Due carreggiate;Asciutto;Asfaltata;Orizzontale;Sereno;Normale;Buona;Ore Diurne;0;0;0;2;12.62948;41.87514;-1;1;Autovettura privata;In marcia / fermata / arresto;Passeggero;M;Illeso;0;;Non accertato;Inesploso
1991603;8;06/02/2014 04:30;Provinciale entro l'abitato;VIA PRENESTINA;in prossimità;;del civico n. ;1194;;Veicolo in marcia contro ostacolo accidentale;Rettilineo;Una carreggiata a doppio senso;Bagnato (umidità in atto);Con buche;Orizzontale;Nuvoloso;Scarso;Buona;Sufficiente;0;0;0;1;12.6276289;41.8926206;-1;1;Autovettura privata;In marcia / fermata / arresto;Conducente;M;Illeso;0;;Non accertato;Inesploso
1991611;8;06/02/2014 06:00;Strada Urbana;VIA SELLIA;da specificare;;;;altezza via Cervicati;Veicolo in marcia contro ostacolo accidentale;Rettilineo;Una carreggiata a doppio senso;Bagnato (pioggia);Asfaltata;Verticale;Nuvoloso;Scarso;Insufficiente;Insufficiente;0;0;0;1;;;-1;1;Autovettura privata;In marcia / fermata / arresto;Conducente;F;Illeso;0;;Non accertato;Inesploso
1991612;8;06/02/2014 08:15;Strada Urbana;VIA LENTINI;in prossimità;;del civico n. ;53;;Veicolo in marcia contro ostacolo accidentale;Rettilineo;Una carreggiata a senso unico di marcia;Bagnato (pioggia);Con buche;Orizzontale;Nuvoloso;Normale;Sufficiente;Ore Diurne;0;0;0;2;12.6662096;41.8596671;-1;1;Autovettura privata;In marcia / fermata / arresto;Conducente;M;Illeso;0;;Non accertato;Inesploso
1991612;8;06/02/2014 08:15;Strada Urbana;VIA LENTINI;in prossimità;;del civico n. ;53;;Veicolo in marcia contro ostacolo accidentale;Rettilineo;Una carreggiata a senso unico di marcia;Bagnato (pioggia);Con buche;Orizzontale;Nuvoloso;Normale;Sufficiente;Ore Diurne;0;0;0;2;12.6662096;41.8596671;-1;1;Autovettura privata;In marcia / fermata / arresto;Passeggero;M;Illeso;0;;Non accertato;Inesploso
1991614;8;06/02/2014 08:50;Statale entro l'abitato;VIA CASILINA;in corrispondenza;;del palo luce n.;824;;Scontro frontale/laterale SX fra veicoli in marcia;Rettilineo;Una carreggiata a doppio senso;Asciutto;Asfaltata;Verticale ed orizzontale;Nuvoloso;Normale;Buona;Ore Diurne;3;0;0;1;12.64927;41.86429;-1;1;Autocarro inferiore 35 q.;In marcia / fermata / arresto;Conducente;M;Illeso;0;;Non accertato;Inesistente
1991614;8;06/02/2014 08:50;Statale entro l'abitato;VIA CASILINA;in corrispondenza;;del palo luce n.;824;;Scontro frontale/laterale SX fra veicoli in marcia;Rettilineo;Una carreggiata a doppio senso;Asciutto;Asfaltata;Verticale ed orizzontale;Nuvoloso;Normale;Buona;Ore Diurne;3;0;0;1;12.64927;41.86429;-1;2;Autovettura privata;In marcia / fermata / arresto;Conducente;F;Rimandato;0;NON DECEDUTO;Non accertato;Inesploso
1991614;8;06/02/2014 08:50;Statale entro l'abitato;VIA CASILINA;in corrispondenza;;del palo luce n.;824;;Scontro frontale/laterale SX fra veicoli in marcia;Rettilineo;Una carreggiata a doppio senso;Asciutto;Asfaltata;Verticale ed orizzontale;Nuvoloso;Normale;Buona;Ore Diurne;3;0;0;1;12.64927;41.86429;-1;3;Autovettura privata;In marcia / fermata / arresto;Conducente;F;Rimandato;0;NON DECEDUTO;Non accertato;Inesploso
1991614;8;06/02/2014 08:50;Statale entro l'abitato;VIA CASILINA;in corrispondenza;;del palo luce n.;824;;Scontro frontale/laterale SX fra veicoli in marcia;Rettilineo;Una carreggiata a doppio senso;Asciutto;Asfaltata;Verticale ed orizzontale;Nuvoloso;Normale;Buona;Ore Diurne;3;0;0;1;12.64927;41.86429;-1;4;Autovettura privata;In marcia / fermata / arresto;Conducente;F;Rimandato;0;NON DECEDUTO;Non accertato;Inesploso
1991615;8;06/02/2014 11:00;Provinciale entro l'abitato;VIA POLENSE;in prossimità;;della chilometrica;20;;Tamponamento;Rettilineo;Una carreggiata a doppio senso;Asciutto;Asfaltata;Orizzontale;Sereno;Normale;Sufficiente;Ore Diurne;1;0;0;1;12.7201;41.90729;-1;1;Autobus di linea;In marcia / fermata / arresto;Conducente;M;Illeso;0;;Non accertato;Inesploso
1991615;8;06/02/2014 11:00;Provinciale entro l'abitato;VIA POLENSE;in prossimità;;della chilometrica;20;;Tamponamento;Rettilineo;Una carreggiata a doppio senso;Asciutto;Asfaltata;Orizzontale;Sereno;Normale;Sufficiente;Ore Diurne;1;0;0;1;12.7201;41.90729;-1;2;Autovettura privata;In marcia / fermata / arresto;Conducente;M;Rimandato;0;NON DECEDUTO;Non accertato;Inesploso
1991616;8;06/02/2014 11:30;Strada Urbana;VIALE DI TORRE MAURA;in corrispondenza;;del palo luce n.;64;;Tamponamento;Rettilineo;Due carreggiate;Asciutto;Asfaltata;Verticale ed orizzontale;Nuvoloso;Normale;Buona;Ore Diurne;1;0;0;1;12.59217;41.86022;-1;1;Autovettura privata;In marcia / fermata / arresto;Conducente;F;Illeso;0;;Non accertato;Inesploso
1991616;8;06/02/2014 11:30;Strada Urbana;VIALE DI TORRE MAURA;in corrispondenza;;del palo luce n.;64;;Tamponamento;Rettilineo;Due carreggiate;Asciutto;Asfaltata;Verticale ed orizzontale;Nuvoloso;Normale;Buona;Ore Diurne;1;0;0;1;12.59217;41.86022;-1;2;Motociclo a solo;In marcia / fermata / arresto;Conducente;M;Ricoverato;0;NON DECEDUTO;Non accertato;Inesistente