Protocollo;Gruppo;DataOraIncidente;Localizzazione1;STRADA1;Localizzazione2;STRADA2;Strada02;Chilometrica;DaSpecificare;NaturaIncidente;particolaritastrade;TipoStrada;FondoStradale;Pavimentazione;Segnaletica;CondizioneAtmosferica;Traffico;Visibilita;Illuminazione;NUM_FERITI;NUM_RISERVATA;NUM_MORTI;NUM_ILLESI;Longitudine;Latitudine;Confermato;Progressivo;TipoVeicolo;StatoVeicolo;TipoPersona;Sesso;Tipolesione;Deceduto;DecedutoDopo;CinturaCascoUtilizzato;Airbag
2006907;10;26/02/2014 07:45;Strada Urbana;VIALE DEI SALESIANI;in prossimità;;del civico n.;9;;Scontro frontale/laterale SX fra veicoli in marcia;Rettilineo;Due carreggiate;Asciutto;Asfaltata;Orizzontale;Nuvoloso;Normale;Buona;Ore Diurne;0;0;0;2;12.56694;41.85729;-1;1;Autovettura privata;In marcia / fermata / arresto;Conducente;F;Illeso;0;;Non accertato;Inesploso
2006907;10;26/02/2014 07:45;Strada Urbana;VIALE DEI SALESIANI;in prossimità;;del civico n.;9;;Scontro frontale/laterale SX fra veicoli in marcia;Rettilineo;Due carreggiate;Asciutto;Asfaltata;Orizzontale;Nuvoloso;Normale;Buona;Ore Diurne;0;0;0;2;12.56694;41.85729;-1;2;Autovettura privata;In marcia / fermata / arresto;Conducente;F;Illeso;0;;Non accertato;Inesploso
2006908;10;26/02/2014 10:50;Strada Urbana;VIALE ANTONIO CIAMARRA;in prossimità;;del civico n.;177;;Scontro laterale fra veicoli in marcia;Rettilineo;Due carreggiate;Asciutto;Asfaltata;Verticale ed orizzontale;Nuvoloso;Normale;Buona;Ore Diurne;1;0;0;1;12.59019;41.85244;-1;1;Autovettura privata;In marcia / fermata / arresto;Conducente;M;Illeso;0;;Non accertato;Inesploso
2006908;10;26/02/2014 10:50;Strada Urbana;VIALE ANTONIO CIAMARRA;in prossimità;;del civico n.;177;;Scontro laterale fra veicoli in marcia;Rettilineo;Due carreggiate;Asciutto;Asfaltata;Verticale ed orizzontale;Nuvoloso;Normale;Buona;Ore Diurne;1;0;0;1;12.59019;41.85244;-1;2;Autovettura privata;In marcia / fermata / arresto;Conducente;M;Rifiuta cure immediate;0;NON DECEDUTO;Non accertato;Inesploso
2006909;19;26/02/2014 12:35;Strada Urbana;VIA ATTILIO FRIGGERI;all'intersezione con;VIA ANDREA BALDI;VIA ANDREA BALDI;;;Investimento di pedone;Incrocio;Due carreggiate;Asciutto;Asfaltata;Verticale ed orizzontale;Nuvoloso;Scarso;Buona;Ore Diurne;1;0;0;1;12.44037;41.92068;-1;;;;Pedone;M;Rimandato;0;NON DECEDUTO;;
2006909;19;26/02/2014 12:35;Strada Urbana;VIA ATTILIO FRIGGERI;all'intersezione con;VIA ANDREA BALDI;VIA ANDREA BALDI;;;Investimento di pedone;Incrocio;Due carreggiate;Asciutto;Asfaltata;Verticale ed orizzontale;Nuvoloso;Scarso;Buona;Ore Diurne;1;0;0;1;12.44037;41.92068;-1;1;Autovettura privata;In marcia / fermata / arresto;Conducente;F;Illeso;0;;Non accertato;Inesploso
2006911;10;26/02/2014 11:50;Strada Urbana;PIAZZA DI CINECITTA';in prossimità;;del civico n.;57;;Scontro frontale/laterale SX fra veicoli in marcia;Curva a visuale libera;Una carreggiata a senso unico di marcia;Asciutto;Asfaltata;Verticale ed orizzontale;Sereno;Normale;Buona;Ore Diurne;0;0;0;2;12.56755;41.85362;-1;1;Autovettura privata;In marcia / fermata / arresto;Conducente;M;Illeso;0;;;Inesploso
2006911;10;26/02/2014 11:50;Strada Urbana;PIAZZA DI CINECITTA';in prossimità;;del civico n.;57;;Scontro frontale/laterale SX fra veicoli in marcia;Curva a visuale libera;Una carreggiata a senso unico di marcia;Asciutto;Asfaltata;Verticale ed orizzontale;Sereno;Normale;Buona;Ore Diurne;0;0;0;2;12.56755;41.85362;-1;2;Autovettura privata;In marcia / fermata / arresto;Conducente;M;Illeso;0;;Non accertato;Inesploso
2006912;15;26/02/2014 19:55;Strada Urbana;VIA DELL'IMBRECCIATO;in prossimità;;del civico n.;109;;Tamponamento Multiplo;Rettilineo;Una carreggiata a doppio senso;Bagnato (pioggia);Asfaltata;Assente;Nuvoloso;Scarso;Buona;Sufficiente;0;0;0;4;12.44603;41.85186;-1;1;Autovettura privata;In marcia / fermata / arresto;Conducente;M;Illeso;0;;Utilizzato;
2006912;15;26/02/2014 19:55;Strada Urbana;VIA DELL'IMBRECCIATO;in prossimità;;del civico n.;109;;Tamponamento Multiplo;Rettilineo;Una carreggiata a doppio senso;Bagnato (pioggia);Asfaltata;Assente;Nuvoloso;Scarso;Buona;Sufficiente;0;0;0;4;12.44603;41.85186;-1;2;Autovettura privata;In marcia / fermata / arresto;Conducente;M;Illeso;0;;Utilizzato;
2006912;15;26/02/2014 19:55;Strada Urbana;VIA DELL'IMBRECCIATO;in prossimità;;del civico n.;109;;Tamponamento Multiplo;Rettilineo;Una carreggiata a doppio senso;Bagnato (pioggia);Asfaltata;Assente;Nuvoloso;Scarso;Buona;Sufficiente;0;0;0;4;12.44603;41.85186;-1;3;Autovettura privata;In marcia / fermata / arresto;Conducente;F;Illeso;0;;Utilizzato;
2006912;15;26/02/2014 19:55;Strada Urbana;VIA DELL'IMBRECCIATO;in prossimità;;del civico n.;109;;Tamponamento Multiplo;Rettilineo;Una carreggiata a doppio senso;Bagnato (pioggia);Asfaltata;Assente;Nuvoloso;Scarso;Buona;Sufficiente;0;0;0;4;12.44603;41.85186;-1;4;Autovettura privata;In marcia / fermata / arresto;Conducente;M;Illeso;0;;Utilizzato;
2006924;20;26/02/2014 19:40;Strada Urbana;CORSO DI FRANCIA;da specificare;;;;prossimità VIA LUPI direzione GRA;Tamponamento Multiplo;Rettilineo;Due carreggiate;Bagnato (pioggia);Asfaltata;Verticale ed orizzontale;Nuvoloso;Intenso;Buona;Sufficiente;3;0;0;1;12.4717;41.93657;-1;1;Autovettura privata;In marcia / fermata / arresto;Conducente;F;Illeso;0;;Non accertato;Esploso
2006924;20;26/02/2014 19:40;Strada Urbana;CORSO DI FRANCIA;da specificare;;;;prossimità VIA LUPI direzione GRA;Tamponamento Multiplo;Rettilineo;Due carreggiate;Bagnato (pioggia);Asfaltata;Verticale ed orizzontale;Nuvoloso;Intenso;Buona;Sufficiente;3;0;0;1;12.4717;41.93657;-1;2;Autovettura pubblica;In marcia / fermata / arresto;Conducente;F;Rimandato;0;NON DECEDUTO;Non accertato;Inesploso
2006924;20;26/02/2014 19:40;Strada Urbana;CORSO DI FRANCIA;da specificare;;;;prossimità VIA LUPI direzione GRA;Tamponamento Multiplo;Rettilineo;Due carreggiate;Bagnato (pioggia);Asfaltata;Verticale ed orizzontale;Nuvoloso;Intenso;Buona;Sufficiente;3;0;0;1;12.4717;41.93657;-1;3;Autovettura privata;In marcia / fermata / arresto;Conducente;M;Rifiuta cure immediate;0;NON DECEDUTO;Non accertato;Inesploso
2006924;20;26/02/2014 19:40;Strada Urbana;CORSO DI FRANCIA;da specificare;;;;prossimità VIA LUPI direzione GRA;Tamponamento Multiplo;Rettilineo;Due carreggiate;Bagnato (pioggia);Asfaltata;Verticale ed orizzontale;Nuvoloso;Intenso;Buona;Sufficiente;3;0;0;1;12.4717;41.93657;-1;3;Autovettura privata;In marcia / fermata / arresto;Passeggero;F;Rimandato;0;NON DECEDUTO;Non accertato;Inesploso
2006925;19;26/02/2014 13:00;Strada Urbana;VIA DEL FORTE BRASCHI;all'intersezione con;VIA MATTIA BATTISTINI;VIA MATTIA BATTISTINI;;;Scontro frontale fra veicoli in marcia;Incrocio;Una carreggiata a doppio senso;Asciutto;Asfaltata;Verticale ed orizzontale;Nuvoloso;Normale;Buona;Ore Diurne;1;0;0;2;12.41853;41.91243;-1;1;Motociclo con passeggero;In marcia / fermata / arresto;Conducente;M;Rimandato;0;NON DECEDUTO;Utilizzato;
2006925;19;26/02/2014 13:00;Strada Urbana;VIA DEL FORTE BRASCHI;all'intersezione con;VIA MATTIA BATTISTINI;VIA MATTIA BATTISTINI;;;Scontro frontale fra veicoli in marcia;Incrocio;Una carreggiata a doppio senso;Asciutto;Asfaltata;Verticale ed orizzontale;Nuvoloso;Normale;Buona;Ore Diurne;1;0;0;2;12.41853;41.91243;-1;1;Motociclo con passeggero;In marcia / fermata / arresto;Passeggero;F;Illeso;0;;Non accertato;
2006925;19;26/02/2014 13:00;Strada Urbana;VIA DEL FORTE BRASCHI;all'intersezione con;VIA MATTIA BATTISTINI;VIA MATTIA BATTISTINI;;;Scontro frontale fra veicoli in marcia;Incrocio;Una carreggiata a doppio senso;Asciutto;Asfaltata;Verticale ed orizzontale;Nuvoloso;Normale;Buona;Ore Diurne;1;0;0;2;12.41853;41.91243;-1;2;Autovettura privata;In marcia / fermata / arresto;Conducente;M;Illeso;0;;Non accertato;Inesploso
2006933;19;26/02/2014 13:45;Strada Urbana;GALLERIA GIOVANNI XXIII;da specificare;;;;prossimità entrata Via Pieve di Cadore;Tamponamento;Rettilineo;Una carreggiata a senso unico di marcia;Asciutto;Asfaltata;Verticale ed orizzontale;Sereno;Normale;Buona;Ore Diurne;0;0;0;2;12.44403;41.94113;-1;1;Autovettura privata;In marcia / fermata / arresto;Conducente;F;Illeso;0;;Non accertato;Inesploso
2006933;19;26/02/2014 13:45;Strada Urbana;GALLERIA GIOVANNI XXIII;da specificare;;;;prossimità entrata Via Pieve di Cadore;Tamponamento;Rettilineo;Una carreggiata a senso unico di marcia;Asciutto;Asfaltata;Verticale ed orizzontale;Sereno;Normale;Buona;Ore Diurne;0;0;0;2;12.44403;41.94113;-1;2;Autovettura privata;In marcia / fermata / arresto;Conducente;M;Illeso;0;;Utilizzato;Inesploso
2006937;17;26/02/2014 18:40;Strada Urbana;VIA DELLA CONCILIAZIONE;da specificare;;;;(carreggiata centrale) alt. Cavalieri S.Sepolcro;Investimento di pedone;Rettilineo;Più di due carreggiate;Bagnato (pioggia);In cubetti di porfido;Verticale ed orizzontale;Pioggia in atto;Scarso;Sufficiente;Sufficiente;0;0;0;2;12.46062;41.9023;-1;;;;Pedone;M;Illeso;0;;;
2006937;17;26/02/2014 18:40;Strada Urbana;VIA DELLA CONCILIAZIONE;da specificare;;;;(carreggiata centrale) alt. Cavalieri S.Sepolcro;Investimento di pedone;Rettilineo;Più di due carreggiate;Bagnato (pioggia);In cubetti di porfido;Verticale ed orizzontale;Pioggia in atto;Scarso;Sufficiente;Sufficiente;0;0;0;2;12.46062;41.9023;-1;1;Autovettura privata;In marcia / fermata / arresto;Conducente;M;Illeso;0;;Non accertato;Inesistente
2006941;13;27/02/2014 01:00;Strada Urbana;VIALE DELLA VILLA DI PLINIO;da specificare;;;;prossimità piazza della villa di plinio;Veicolo in marcia contro ostacolo fisso;Rettilineo;Una carreggiata a senso unico di marcia;Bagnato (umidità in atto);Asfaltata;Orizzontale;Nuvoloso;Scarso;Insufficiente;Inesistente;0;1;0;0;12.34126;41.71481;-1;1;Autovettura privata;In marcia / fermata / arresto;Conducente;M;Prognosi riservata;0;NON DECEDUTO;Non accertato;Inesploso
2006949;13;26/02/2014 16:15;Strada Urbana;VIA DELLE AZZORRE;da specificare;;;;prossimità via delle baleari;Veicolo in marcia contro ostacolo accidentale;Rettilineo;Due carreggiate;Bagnato (pioggia);Asfaltata;Assente;Pioggia in atto;Normale;Buona;Ore Diurne;0;0;0;2;12.28225;41.74135;-1;1;Autovettura privata;In marcia / fermata / arresto;Conducente;M;Illeso;0;;Non accertato;Inesploso
2006949;13;26/02/2014 16:15;Strada Urbana;VIA DELLE AZZORRE;da specificare;;;;prossimità via delle baleari;Veicolo in marcia contro ostacolo accidentale;Rettilineo;Due carreggiate;Bagnato (pioggia);Asfaltata;Assente;Pioggia in atto;Normale;Buona;Ore Diurne;0;0;0;2;12.28225;41.74135;-1;1;Autovettura privata;In marcia / fermata / arresto;Passeggero;F;Illeso;0;;Non accertato;Inesploso
2006951;9;26/02/2014 19:15;Strada Urbana;VIA TUSCOLANA;in prossimità;;del civico n.;540;;Tamponamento;Rettilineo;Due carreggiate;Bagnato (pioggia);Asfaltata;Orizzontale;Nuvoloso;Intenso;Buona;Sufficiente;1;0;0;1;12.53652;41.86994;-1;1;Autovettura privata;In marcia / fermata / arresto;Conducente;M;Illeso;0;;Non accertato;Inesploso
2006951;9;26/02/2014 19:15;Strada Urbana;VIA TUSCOLANA;in prossimità;;del civico n.;540;;Tamponamento;Rettilineo;Due carreggiate;Bagnato (pioggia);Asfaltata;Orizzontale;Nuvoloso;Intenso;Buona;Sufficiente;1;0;0;1;12.53652;41.86994;-1;2;Autovettura privata;In marcia / fermata / arresto;Conducente;F;Rimandato;0;NON DECEDUTO;Non accertato;Inesploso
2006953;19;26/02/2014 14:50;Strada Urbana;VIA TRIONFALE;in corrispondenza;;del civico n.;9371;;Scontro frontale/laterale SX fra veicoli in marcia;Rettilineo;Una carreggiata a doppio senso;Asciutto;Asfaltata;Orizzontale;Sereno;Normale;Buona;Ore Diurne;2;0;0;2;12.41835;41.94457;-1;1;Autovettura privata;In marcia / fermata / arresto;Conducente;M;Illeso;0;;Non accertato;Inesploso
2006953;19;26/02/2014 14:50;Strada Urbana;VIA TRIONFALE;in corrispondenza;;del civico n.;9371;;Scontro frontale/laterale SX fra veicoli in marcia;Rettilineo;Una carreggiata a doppio senso;Asciutto;Asfaltata;Orizzontale;Sereno;Normale;Buona;Ore Diurne;2;0;0;2;12.41835;41.94457;-1;1;Autovettura privata;In marcia / fermata / arresto;Passeggero;F;Illeso;0;;Non accertato;Inesploso
2006953;19;26/02/2014 14:50;Strada Urbana;VIA TRIONFALE;in corrispondenza;;del civico n.;9371;;Scontro frontale/laterale SX fra veicoli in marcia;Rettilineo;Una carreggiata a doppio senso;Asciutto;Asfaltata;Orizzontale;Sereno;Normale;Buona;Ore Diurne;2;0;0;2;12.41835;41.94457;-1;2;Motociclo con passeggero;In marcia / fermata / arresto;Conducente;M;Rimandato;0;NON DECEDUTO;Non accertato;
2006953;19;26/02/2014 14:50;Strada Urbana;VIA TRIONFALE;in corrispondenza;;del civico n.;9371;;Scontro frontale/laterale SX fra veicoli in marcia;Rettilineo;Una carreggiata a doppio senso;Asciutto;Asfaltata;Orizzontale;Sereno;Normale;Buona;Ore Diurne;2;0;0;2;12.41835;41.94457;-1;2;Motociclo con passeggero;In marcia / fermata / arresto;Passeggero;F;Rimandato;0;NON DECEDUTO;Non accertato;
2006955;13;26/02/2014 13:30;Strada Urbana;VIA DEL CANALE DELLA LINGUA;da specificare;;;;area interna al distributore di benzina IP;Scontro frontale/laterale DX fra veicoli in marcia;Rettilineo;Una carreggiata a doppio senso;Asciutto;Asfaltata;Assente;Nuvoloso;Normale;Buona;Ore Diurne;0;0;0;2;12.34497;41.73657;-1;1;Autovettura privata;In marcia / fermata / arresto;Conducente;M;Illeso;0;;Non accertato;Inesploso
2006955;13;26/02/2014 13:30;Strada Urbana;VIA DEL CANALE DELLA LINGUA;da specificare;;;;area interna al distributore di benzina IP;Scontro frontale/laterale DX fra veicoli in marcia;Rettilineo;Una carreggiata a doppio senso;Asciutto;Asfaltata;Assente;Nuvoloso;Normale;Buona;Ore Diurne;0;0;0;2;12.34497;41.73657;-1;2;Autovettura privata;In marcia / fermata / arresto;Conducente;M;Illeso;0;;Non accertato;Inesploso
2006956;13;26/02/2014 21:00;Strada Urbana;VIA GAETANO PREVIATI;da specificare;;;;FRONTE CIVICO 24;Veicolo in marcia contro ostacolo accidentale;Rettilineo;Una carreggiata a doppio senso;Bagnato (umidità in atto);Asfaltata;Orizzontale;Nuvoloso;Normale;Buona;Sufficiente;0;0;0;1;12.3556;41.77919;-1;1;Autovettura privata;In marcia / fermata / arresto;Conducente;M;Illeso;0;;Non accertato;Inesploso
2006961;9;27/02/2014 01:45;Strada Urbana;VIA DI S. MARIA AUSILIATRICE;all'intersezione con;VIA EURIALO;VIA EURIALO;;;Scontro frontale/laterale SX fra veicoli in marcia;Incrocio;Una carreggiata a doppio senso;Asciutto;Asfaltata;Verticale ed orizzontale;Sereno;Scarso;Sufficiente;Sufficiente;0;0;0;2;12.52728;41.87254;-1;1;Autovettura pubblica;In marcia / fermata / arresto;Conducente;M;Illeso;0;;;
2006961;9;27/02/2014 01:45;Strada Urbana;VIA DI S. MARIA AUSILIATRICE;all'intersezione con;VIA EURIALO;VIA EURIALO;;;Scontro frontale/laterale SX fra veicoli in marcia;Incrocio;Una carreggiata a doppio senso;Asciutto;Asfaltata;Verticale ed orizzontale;Sereno;Scarso;Sufficiente;Sufficiente;0;0;0;2;12.52728;41.87254;-1;2;Autocarro inferiore 35 q.;In marcia / fermata / arresto;Conducente;M;Illeso;0;;;
2006973;9;26/02/2014 18:00;Strada Urbana;VIA VOLTERRA;in corrispondenza;;del civico n.;3a;;Veicolo in marcia contro veicoli in sosta;Rettilineo;Una carreggiata a senso unico di marcia;Bagnato (pioggia);Asfaltata;Orizzontale;Pioggia in atto;Scarso;Sufficiente;Sufficiente;0;0;0;1;12.52016;41.88572;-1;1;Autovettura privata;In marcia / fermata / arresto;Conducente;F;Illeso;0;;Non accertato;Inesploso
2006977;17;26/02/2014 15:30;Strada Urbana;VIA LEONE IV;da specificare;;;;fronte 135A;Scontro laterale fra veicoli in marcia;Rettilineo;Una carreggiata a doppio senso;Asciutto;Asfaltata;Verticale ed orizzontale;Nuvoloso;Normale;Buona;Ore Diurne;0;0;0;2;12.45526;41.90862;-1;1;Autovettura privata;In marcia / fermata / arresto;Conducente;M;Illeso;0;;Non accertato;Inesistente
2006977;17;26/02/2014 15:30;Strada Urbana;VIA LEONE IV;da specificare;;;;fronte 135A;Scontro laterale fra veicoli in marcia;Rettilineo;Una carreggiata a doppio senso;Asciutto;Asfaltata;Verticale ed orizzontale;Nuvoloso;Normale;Buona;Ore Diurne;0;0;0;2;12.45526;41.90862;-1;2;Autovettura privata;In marcia / fermata / arresto;Conducente;M;Illeso;0;;Non accertato;Inesistente
2007000;9;27/02/2014 17:15;Strada Urbana;VIA TUSCOLANA;da specificare;;;;altezza VIA ROCCA DI PAPA;Scontro laterale fra veicoli in marcia;Rettilineo;Due carreggiate;Asciutto;Asfaltata;Verticale ed orizzontale;Sereno;Normale;Sufficiente;Sufficiente;0;0;0;2;12.53606;41.87027;-1;1;Autovettura privata;In marcia / fermata / arresto;Conducente;M;Illeso;0;;Utilizzato;Inesploso
2007000;9;27/02/2014 17:15;Strada Urbana;VIA TUSCOLANA;da specificare;;;;altezza VIA ROCCA DI PAPA;Scontro laterale fra veicoli in marcia;Rettilineo;Due carreggiate;Asciutto;Asfaltata;Verticale ed orizzontale;Sereno;Normale;Sufficiente;Sufficiente;0;0;0;2;12.53606;41.87027;-1;2;Autovettura privata;In marcia / fermata / arresto;Conducente;F;Illeso;0;;Utilizzato;Inesploso
2007027;3;26/02/2014 18:30;Strada Urbana;PIAZZALE DEL VERANO;in prossimità;;del civico n.;92;;Ribaltamento senza urto contro ostacolo fisso;Rettilineo;Una carreggiata a doppio senso;Bagnato (pioggia);Asfaltata;Verticale ed orizzontale;Pioggia in atto;Normale;Sufficiente;Sufficiente;1;0;0;2;12.51787;41.90022;-1;1;Ciclomotore;In marcia / fermata / arresto;Conducente;M;Illeso;0;;Utilizzato;
2007027;3;26/02/2014 18:30;Strada Urbana;PIAZZALE DEL VERANO;in prossimità;;del civico n.;92;;Ribaltamento senza urto contro ostacolo fisso;Rettilineo;Una carreggiata a doppio senso;Bagnato (pioggia);Asfaltata;Verticale ed orizzontale;Pioggia in atto;Normale;Sufficiente;Sufficiente;1;0;0;2;12.51787;41.90022;-1;1;Ciclomotore;In marcia / fermata / arresto;Passeggero;F;Ricoverato;0;NON DECEDUTO;Utilizzato;
2007027;3;26/02/2014 18:30;Strada Urbana;PIAZZALE DEL VERANO;in prossimità;;del civico n.;92;;Ribaltamento senza urto contro ostacolo fisso;Rettilineo;Una carreggiata a doppio senso;Bagnato (pioggia);Asfaltata;Verticale ed orizzontale;Pioggia in atto;Normale;Sufficiente;Sufficiente;1;0;0;2;12.51787;41.90022;-1;2;Autovettura privata;In marcia / fermata / arresto;Conducente;F;Illeso;0;;Non accertato;
2007033;7;26/02/2014 15:35;Strada Urbana;VIA DEI PLATANI;in corrispondenza;;del civico n.;29;;Veicolo in marcia contro veicolo in sosta;Rettilineo;Una carreggiata a doppio senso;Asciutto;Asfaltata;Orizzontale;Sereno;Normale;Buona;Ore Diurne;0;0;0;1;12.56322;41.88131;-1;1;Autovettura privata;In marcia / fermata / arresto;Conducente;F;Illeso;0;;Non accertato;
2007039;19;27/02/2014 08:30;Strada Urbana;VIA VINCENZO TOMASSINI;all'intersezione con;VIA DEI BRUNO;VIA DEI BRUNO;;;Scontro laterale fra veicoli in marcia;Incrocio;Una carreggiata a senso unico di marcia;Bagnato (pioggia);Asfaltata;Verticale ed orizzontale;Nuvoloso;Normale;Buona;Ore Diurne;1;0;0;2;12.41354;41.92783;-1;1;Autovettura privata;In marcia / fermata / arresto;Conducente;M;Illeso;0;;;
2007039;19;27/02/2014 08:30;Strada Urbana;VIA VINCENZO TOMASSINI;all'intersezione con;VIA DEI BRUNO;VIA DEI BRUNO;;;Scontro laterale fra veicoli in marcia;Incrocio;Una carreggiata a senso unico di marcia;Bagnato (pioggia);Asfaltata;Verticale ed orizzontale;Nuvoloso;Normale;Buona;Ore Diurne;1;0;0;2;12.41354;41.92783;-1;1;Autovettura privata;In marcia / fermata / arresto;Passeggero;M;Illeso;0;;;
2007039;19;27/02/2014 08:30;Strada Urbana;VIA VINCENZO TOMASSINI;all'intersezione con;VIA DEI BRUNO;VIA DEI BRUNO;;;Scontro laterale fra veicoli in marcia;Incrocio;Una carreggiata a senso unico di marcia;Bagnato (pioggia);Asfaltata;Verticale ed orizzontale;Nuvoloso;Normale;Buona;Ore Diurne;1;0;0;2;12.41354;41.92783;-1;2;Motociclo a solo;In marcia / fermata / arresto;Conducente;M;Rimandato;0;NON DECEDUTO;;
2007042;3;26/02/2014 19:20;Strada Urbana;VIA CATANIA;in corrispondenza;;del civico n.;18;;Tamponamento;Rettilineo;Una carreggiata a doppio senso;Bagnato (pioggia);Asfaltata;Verticale ed orizzontale;Nuvoloso;Intenso;Buona;Sufficiente;0;0;0;3;12.51691;41.91052;-1;1;Autovettura privata;In marcia / fermata / arresto;Conducente;M;Illeso;0;;Utilizzato;Inesploso
2007042;3;26/02/2014 19:20;Strada Urbana;VIA CATANIA;in corrispondenza;;del civico n.;18;;Tamponamento;Rettilineo;Una carreggiata a doppio senso;Bagnato (pioggia);Asfaltata;Verticale ed orizzontale;Nuvoloso;Intenso;Buona;Sufficiente;0;0;0;3;12.51691;41.91052;-1;1;Autovettura privata;In marcia / fermata / arresto;Passeggero;F;Illeso;0;;Utilizzato;Inesploso
2007042;3;26/02/2014 19:20;Strada Urbana;VIA CATANIA;in corrispondenza;;del civico n.;18;;Tamponamento;Rettilineo;Una carreggiata a doppio senso;Bagnato (pioggia);Asfaltata;Verticale ed orizzontale;Nuvoloso;Intenso;Buona;Sufficiente;0;0;0;3;12.51691;41.91052;-1;1;Autovettura privata;In marcia / fermata / arresto;Passeggero;M;Illeso;0;;Non accertato;Inesploso
2007056;2;27/02/2014 00:30;Strada Urbana;VIALE DELLE BELLE ARTI;in prossimità;;del palo luce n.;c72;;Veicolo in marcia contro ostacolo accidentale;Curva a visuale libera;Una carreggiata a doppio senso;Asciutto;Asfaltata;Verticale;Sereno;Scarso;Sufficiente;Sufficiente;0;0;0;1;12.47931;41.91835;-1;1;Motociclo a solo;In marcia / fermata / arresto;Conducente;M;Illeso;0;;Non accertato;
2007059;3;27/02/2014 02:50;Strada Urbana;VIALE IPPOCRATE;all'intersezione con;LARGO ETTORE MARCHIAFAVA;LARGO ETTORE MARCHIAFAVA;;;Scontro frontale/laterale SX fra veicoli in marcia;Incrocio;Una carreggiata a senso unico di marcia;Bagnato (umidità in atto);Asfaltata;Verticale;Nuvoloso;Scarso;Sufficiente;Sufficiente;0;0;0;3;12.51885;41.90784;-1;1;Autovettura privata;In marcia / fermata / arresto;Conducente;F;Illeso;0;;Non accertato;Inesistente
2007059;3;27/02/2014 02:50;Strada Urbana;VIALE IPPOCRATE;all'intersezione con;LARGO ETTORE MARCHIAFAVA;LARGO ETTORE MARCHIAFAVA;;;Scontro frontale/laterale SX fra veicoli in marcia;Incrocio;Una carreggiata a senso unico di marcia;Bagnato (umidità in atto);Asfaltata;Verticale;Nuvoloso;Scarso;Sufficiente;Sufficiente;0;0;0;3;12.51885;41.90784;-1;1;Autovettura privata;In marcia / fermata / arresto;Passeggero;F;Illeso;0;;Non accertato;Inesistente
2007059;3;27/02/2014 02:50;Strada Urbana;VIALE IPPOCRATE;all'intersezione con;LARGO ETTORE MARCHIAFAVA;LARGO ETTORE MARCHIAFAVA;;;Scontro frontale/laterale SX fra veicoli in marcia;Incrocio;Una carreggiata a senso unico di marcia;Bagnato (umidità in atto);Asfaltata;Verticale;Nuvoloso;Scarso;Sufficiente;Sufficiente;0;0;0;3;12.51885;41.90784;-1;2;Motociclo a solo;In marcia / fermata / arresto;Conducente;M;Illeso;0;;Non accertato;
2007077;17;26/02/2014 08:00;Strada Urbana;VIALE GIULIO CESARE;in corrispondenza;;del civico n.;165;;Veicolo in marcia contro veicolo in sosta;Rettilineo;Una carreggiata a senso unico di marcia;Asciutto;Asfaltata;Verticale ed orizzontale;Sereno;Normale;Buona;Ore Diurne;0;0;0;1;12.45762;41.90924;-1;2;Autocarro inferiore 35 q.;In marcia / fermata / arresto;Conducente;M;Illeso;0;;Non accertato;Inesistente
2007078;20;26/02/2014 07:30;Strada Urbana;VIA DELLA CAMILLUCCIA;all'intersezione con;VIA STRESA;VIA STRESA;;;Scontro frontale/laterale SX fra veicoli in marcia;Intersezione stradale segnalata;Una carreggiata a doppio senso;Asciutto;Asfaltata;Verticale ed orizzontale;Nuvoloso;Normale;Buona;Ore Diurne;0;0;0;3;12.44336;41.93522;-1;1;Autovettura privata;In marcia / fermata / arresto;Conducente;F;Illeso;0;;Utilizzato;Inesploso
2007078;20;26/02/2014 07:30;Strada Urbana;VIA DELLA CAMILLUCCIA;all'intersezione con;VIA STRESA;VIA STRESA;;;Scontro frontale/laterale SX fra veicoli in marcia;Intersezione stradale segnalata;Una carreggiata a doppio senso;Asciutto;Asfaltata;Verticale ed orizzontale;Nuvoloso;Normale;Buona;Ore Diurne;0;0;0;3;12.44336;41.93522;-1;2;Autovettura privata;In marcia / fermata / arresto;Conducente;M;Illeso;0;;Utilizzato;Inesploso
2007078;20;26/02/2014 07:30;Strada Urbana;VIA DELLA CAMILLUCCIA;all'intersezione con;VIA STRESA;VIA STRESA;;;Scontro frontale/laterale SX fra veicoli in marcia;Intersezione stradale segnalata;Una carreggiata a doppio senso;Asciutto;Asfaltata;Verticale ed orizzontale;Nuvoloso;Normale;Buona;Ore Diurne;0;0;0;3;12.44336;41.93522;-1;2;Autovettura privata;In marcia / fermata / arresto;Passeggero;F;Illeso;0;;Utilizzato;Inesploso
2007085;4;26/02/2014 12:15;Strada Urbana;VIA GIUSEPPE IMER;da specificare;;;;fermata Trambus Imer-Baseggio;Infortunio per sola frenata improvvisa;Rettilineo;Una carreggiata a doppio senso;Asciutto;Asfaltata;Assente;Nuvoloso;Normale;Buona;Ore Diurne;0;0;0;2;12.53179;41.96666;-1;1;Motociclo con passeggero;In marcia / fermata / arresto;Conducente;M;Illeso;0;;Non accertato;
2007085;4;26/02/2014 12:15;Strada Urbana;VIA GIUSEPPE IMER;da specificare;;;;fermata Trambus Imer-Baseggio;Infortunio per sola frenata improvvisa;Rettilineo;Una carreggiata a doppio senso;Asciutto;Asfaltata;Assente;Nuvoloso;Normale;Buona;Ore Diurne;0;0;0;2;12.53179;41.96666;-1;1;Motociclo con passeggero;In marcia / fermata / arresto;Passeggero;M;Illeso;0;;Non accertato;