Protocollo;Gruppo;DataOraIncidente;Localizzazione1;STRADA1;Localizzazione2;STRADA2;Strada02;Chilometrica;DaSpecificare;NaturaIncidente;particolaritastrade;TipoStrada;FondoStradale;Pavimentazione;Segnaletica;CondizioneAtmosferica;Traffico;Visibilita;Illuminazione;NUM_FERITI;NUM_RISERVATA;NUM_MORTI;NUM_ILLESI;Longitudine;Latitudine;Confermato;Progressivo;TipoVeicolo;StatoVeicolo;TipoPersona;Sesso;Tipolesione;Deceduto;DecedutoDopo;CinturaCascoUtilizzato;Airbag
2008271;8;28/02/2014 09:05;Strada Urbana;VIALE DEI ROMANISTI;all'intersezione semaforizzata con;VIA MARCIO RUTILIO;VIA MARCIO RUTILIO;;;Scontro frontale/laterale SX fra veicoli in marcia;Intersezione semaforizzata;Due carreggiate;Bagnato (umidità in atto);Asfaltata;Verticale ed orizzontale;Nuvoloso;Normale;Buona;Ore Diurne;3;0;0;0;12.57288;41.86921;-1;2;Autovettura privata;In marcia / fermata / arresto;Conducente;F;Ricoverato;0;NON DECEDUTO;Non accertato;Inesploso
2008274;8;28/02/2014 12:40;Strada Urbana;VIA GIORGIO GRAPPELLI;in prossimità;;del palo luce n.;11;;Tamponamento;Rettilineo;Due carreggiate;Bagnato (pioggia);Asfaltata;Verticale ed orizzontale;Pioggia in atto;Normale;Buona;Ore Diurne;1;0;0;1;12.65738;41.91172;-1;1;Autovettura privata;In marcia / fermata / arresto;Conducente;M;Rimandato;0;NON DECEDUTO;Non accertato;Inesploso
2008274;8;28/02/2014 12:40;Strada Urbana;VIA GIORGIO GRAPPELLI;in prossimità;;del palo luce n.;11;;Tamponamento;Rettilineo;Due carreggiate;Bagnato (pioggia);Asfaltata;Verticale ed orizzontale;Pioggia in atto;Normale;Buona;Ore Diurne;1;0;0;1;12.65738;41.91172;-1;2;Autovettura privata;In marcia / fermata / arresto;Conducente;M;Illeso;0;;Non accertato;Inesploso
2008305;19;28/02/2014 15:30;Comunale extraurbana;VIA BRACCIANENSE;da specificare;;;;uscita 1^ tunnel direz. Bracciano;Fuoriuscita dalla sede stradale;Curva senza visuale libera;Una carreggiata a doppio senso;Bagnato (pioggia);Asfaltata;Verticale ed orizzontale;Pioggia in atto;Normale;Buona;Ore Diurne;1;0;0;0;12.30933;42.03633;-1;1;Autovettura privata;In marcia / fermata / arresto;Conducente;F;Rimandato;0;NON DECEDUTO;Non accertato;
2008314;12;11/02/2014 05:30;Provinciale;VIA ARDEATINA;in prossimità;;della chilometrica;19;;Veicolo in marcia contro ostacolo accidentale;Curva a visuale libera;Una carreggiata a doppio senso;Bagnato (pioggia);Con buche;Verticale ed orizzontale;Pioggia in atto;Scarso;Insufficiente;Insufficiente;0;0;0;1;12.56309;41.73398;-1;1;Autovettura privata;In marcia / fermata / arresto;Conducente;F;Illeso;0;;Utilizzato;Inesploso
2008324;6;28/02/2014 15:25;Strada Urbana;VIA DI ACQUA BULLICANTE;all'intersezione semaforizzata con;VIA LUCHINO DAL VERME;VIA LUCHINO DAL VERME;;;Scontro frontale/laterale DX fra veicoli in marcia;Incrocio;Una carreggiata a doppio senso;Bagnato (pioggia);Asfaltata;Verticale ed orizzontale;Pioggia in atto;Normale;Buona;Ore Diurne;0;0;0;2;12.54234;41.88885;-1;1;Autovettura privata;In marcia / fermata / arresto;Conducente;M;Illeso;0;;Non accertato;Inesploso
2008324;6;28/02/2014 15:25;Strada Urbana;VIA DI ACQUA BULLICANTE;all'intersezione semaforizzata con;VIA LUCHINO DAL VERME;VIA LUCHINO DAL VERME;;;Scontro frontale/laterale DX fra veicoli in marcia;Incrocio;Una carreggiata a doppio senso;Bagnato (pioggia);Asfaltata;Verticale ed orizzontale;Pioggia in atto;Normale;Buona;Ore Diurne;0;0;0;2;12.54234;41.88885;-1;2;Autovettura privata;In marcia / fermata / arresto;Conducente;M;Illeso;0;;Non accertato;Inesploso
2008337;5;28/02/2014 07:05;Strada Urbana;VIALE RATTO DELLE SABINE;all'intersezione con;VIA CASTELCHIODATO;VIA CASTELCHIODATO;;;Scontro frontale/laterale SX fra veicoli in marcia;Incrocio;Due carreggiate;Asciutto;Asfaltata;Verticale ed orizzontale;Sereno;Scarso;Buona;Ore Diurne;0;0;0;2;12.60058;41.94508;-1;1;Autovettura privata;In marcia / fermata / arresto;Conducente;M;Illeso;0;;Non accertato;Esploso
2008337;5;28/02/2014 07:05;Strada Urbana;VIALE RATTO DELLE SABINE;all'intersezione con;VIA CASTELCHIODATO;VIA CASTELCHIODATO;;;Scontro frontale/laterale SX fra veicoli in marcia;Incrocio;Due carreggiate;Asciutto;Asfaltata;Verticale ed orizzontale;Sereno;Scarso;Buona;Ore Diurne;0;0;0;2;12.60058;41.94508;-1;2;Autovettura privata;In marcia / fermata / arresto;Conducente;M;Illeso;0;;;Esploso
2008339;5;28/02/2014 12:35;Strada Urbana;VIA TIBURTINA;in corrispondenza;;del civico n.;978;;Tamponamento;Rettilineo;Una carreggiata a doppio senso;Bagnato (pioggia);Asfaltata;Verticale ed orizzontale;Pioggia in atto;Intenso;Sufficiente;Ore Diurne;1;0;0;4;12.5748;41.92675;-1;1;Autovettura privata;In marcia / fermata / arresto;Conducente;M;Illeso;0;;Non accertato;
2008339;5;28/02/2014 12:35;Strada Urbana;VIA TIBURTINA;in corrispondenza;;del civico n.;978;;Tamponamento;Rettilineo;Una carreggiata a doppio senso;Bagnato (pioggia);Asfaltata;Verticale ed orizzontale;Pioggia in atto;Intenso;Sufficiente;Ore Diurne;1;0;0;4;12.5748;41.92675;-1;1;Autovettura privata;In marcia / fermata / arresto;Passeggero;F;Illeso;0;;Non accertato;
2008339;5;28/02/2014 12:35;Strada Urbana;VIA TIBURTINA;in corrispondenza;;del civico n.;978;;Tamponamento;Rettilineo;Una carreggiata a doppio senso;Bagnato (pioggia);Asfaltata;Verticale ed orizzontale;Pioggia in atto;Intenso;Sufficiente;Ore Diurne;1;0;0;4;12.5748;41.92675;-1;1;Autovettura privata;In marcia / fermata / arresto;Passeggero;F;Illeso;0;;Non accertato;
2008339;5;28/02/2014 12:35;Strada Urbana;VIA TIBURTINA;in corrispondenza;;del civico n.;978;;Tamponamento;Rettilineo;Una carreggiata a doppio senso;Bagnato (pioggia);Asfaltata;Verticale ed orizzontale;Pioggia in atto;Intenso;Sufficiente;Ore Diurne;1;0;0;4;12.5748;41.92675;-1;2;Autovettura privata;In marcia / fermata / arresto;Conducente;F;Illeso;0;;Non accertato;
2008339;5;28/02/2014 12:35;Strada Urbana;VIA TIBURTINA;in corrispondenza;;del civico n.;978;;Tamponamento;Rettilineo;Una carreggiata a doppio senso;Bagnato (pioggia);Asfaltata;Verticale ed orizzontale;Pioggia in atto;Intenso;Sufficiente;Ore Diurne;1;0;0;4;12.5748;41.92675;-1;2;Autovettura privata;In marcia / fermata / arresto;Passeggero;F;Rimandato;0;NON DECEDUTO;Non accertato;
2008340;5;28/02/2014 12:00;Strada Urbana;VIA TIBURTINA;in prossimità;;del civico n.;1163;;Scontro laterale fra veicoli in marcia;Rettilineo;Una carreggiata a doppio senso;Bagnato (pioggia);Asfaltata;Verticale ed orizzontale;Pioggia in atto;Normale;Buona;Ore Diurne;0;0;0;3;12.59895;41.933;-1;1;Autocarro inferiore 35 q.;In marcia / fermata / arresto;Conducente;M;Illeso;0;;;
2008340;5;28/02/2014 12:00;Strada Urbana;VIA TIBURTINA;in prossimità;;del civico n.;1163;;Scontro laterale fra veicoli in marcia;Rettilineo;Una carreggiata a doppio senso;Bagnato (pioggia);Asfaltata;Verticale ed orizzontale;Pioggia in atto;Normale;Buona;Ore Diurne;0;0;0;3;12.59895;41.933;-1;1;Autocarro inferiore 35 q.;In marcia / fermata / arresto;Passeggero;M;Illeso;0;;;
2008340;5;28/02/2014 12:00;Strada Urbana;VIA TIBURTINA;in prossimità;;del civico n.;1163;;Scontro laterale fra veicoli in marcia;Rettilineo;Una carreggiata a doppio senso;Bagnato (pioggia);Asfaltata;Verticale ed orizzontale;Pioggia in atto;Normale;Buona;Ore Diurne;0;0;0;3;12.59895;41.933;-1;2;Autovettura privata;In marcia / fermata / arresto;Conducente;F;Illeso;0;;;
2008348;5;28/02/2014 14:35;Strada Urbana;VIA FILIPPO FIORENTINI;in prossimità;;del civico n.;7;;Tamponamento Multiplo;Rettilineo;Due carreggiate;Bagnato (pioggia);Asfaltata;Verticale ed orizzontale;Pioggia in atto;Normale;Buona;Ore Diurne;0;0;0;4;12.55611;41.90856;-1;1;Autovettura privata;In marcia / fermata / arresto;Conducente;F;Illeso;0;;Non accertato;Inesploso
2008348;5;28/02/2014 14:35;Strada Urbana;VIA FILIPPO FIORENTINI;in prossimità;;del civico n.;7;;Tamponamento Multiplo;Rettilineo;Due carreggiate;Bagnato (pioggia);Asfaltata;Verticale ed orizzontale;Pioggia in atto;Normale;Buona;Ore Diurne;0;0;0;4;12.55611;41.90856;-1;2;Autovettura privata;In marcia / fermata / arresto;Conducente;F;Illeso;0;;Non accertato;Inesploso
2008348;5;28/02/2014 14:35;Strada Urbana;VIA FILIPPO FIORENTINI;in prossimità;;del civico n.;7;;Tamponamento Multiplo;Rettilineo;Due carreggiate;Bagnato (pioggia);Asfaltata;Verticale ed orizzontale;Pioggia in atto;Normale;Buona;Ore Diurne;0;0;0;4;12.55611;41.90856;-1;3;Autovettura privata;In marcia / fermata / arresto;Conducente;M;Illeso;0;;Non accertato;Inesploso
2008348;5;28/02/2014 14:35;Strada Urbana;VIA FILIPPO FIORENTINI;in prossimità;;del civico n.;7;;Tamponamento Multiplo;Rettilineo;Due carreggiate;Bagnato (pioggia);Asfaltata;Verticale ed orizzontale;Pioggia in atto;Normale;Buona;Ore Diurne;0;0;0;4;12.55611;41.90856;-1;3;Autovettura privata;In marcia / fermata / arresto;Passeggero;M;Illeso;0;;Non accertato;Inesploso
2008349;5;28/02/2014 12:50;Strada Urbana;VIA DI PIETRALATA;da specificare;;;;prossimità intersezione con Via Tiburtina;Scontro laterale fra veicoli in marcia;Rettilineo;Una carreggiata a doppio senso;Bagnato (pioggia);Asfaltata;Verticale ed orizzontale;Pioggia in atto;Normale;Buona;Ore Diurne;0;0;0;3;12.55577;41.91312;-1;1;Autovettura privata;In marcia / fermata / arresto;Conducente;M;Illeso;0;;Non accertato;
2008349;5;28/02/2014 12:50;Strada Urbana;VIA DI PIETRALATA;da specificare;;;;prossimità intersezione con Via Tiburtina;Scontro laterale fra veicoli in marcia;Rettilineo;Una carreggiata a doppio senso;Bagnato (pioggia);Asfaltata;Verticale ed orizzontale;Pioggia in atto;Normale;Buona;Ore Diurne;0;0;0;3;12.55577;41.91312;-1;2;Autovettura privata;In marcia / fermata / arresto;Conducente;F;Illeso;0;;Non accertato;
2008349;5;28/02/2014 12:50;Strada Urbana;VIA DI PIETRALATA;da specificare;;;;prossimità intersezione con Via Tiburtina;Scontro laterale fra veicoli in marcia;Rettilineo;Una carreggiata a doppio senso;Bagnato (pioggia);Asfaltata;Verticale ed orizzontale;Pioggia in atto;Normale;Buona;Ore Diurne;0;0;0;3;12.55577;41.91312;-1;2;Autovettura privata;In marcia / fermata / arresto;Passeggero;M;Illeso;0;;Non accertato;
2008352;11;28/02/2014 07:15;Strada Urbana;VIA DELL'ALMONE;in prossimità;;del civico n.;111;;Tamponamento;Rettilineo;Una carreggiata a doppio senso;Asciutto;Asfaltata;Verticale ed orizzontale;Sereno;Normale;Buona;Ore Diurne;1;0;0;1;12.53018;41.85485;-1;1;Autovettura privata;In marcia / fermata / arresto;Conducente;M;Illeso;0;;Non accertato;Inesploso
2008352;11;28/02/2014 07:15;Strada Urbana;VIA DELL'ALMONE;in prossimità;;del civico n.;111;;Tamponamento;Rettilineo;Una carreggiata a doppio senso;Asciutto;Asfaltata;Verticale ed orizzontale;Sereno;Normale;Buona;Ore Diurne;1;0;0;1;12.53018;41.85485;-1;2;Motociclo a solo;In marcia / fermata / arresto;Conducente;M;Rimandato;0;NON DECEDUTO;;Inesistente
2008353;11;28/02/2014 09:00;Strada Urbana;VIA DEL SANTUARIO REGINA DEGLI APOSTOLI;in prossimità;;del civico n.;36;;Veicolo in marcia contro veicolo fermo;Rettilineo;Una carreggiata a doppio senso;Bagnato (pioggia);Asfaltata;Verticale ed orizzontale;Nuvoloso;Normale;Buona;Ore Diurne;0;0;0;2;12.4824;41.85187;-1;1;Autovettura privata;In marcia / fermata / arresto;Conducente;M;Illeso;0;;Non accertato;Inesistente
2008353;11;28/02/2014 09:00;Strada Urbana;VIA DEL SANTUARIO REGINA DEGLI APOSTOLI;in prossimità;;del civico n.;36;;Veicolo in marcia contro veicolo fermo;Rettilineo;Una carreggiata a doppio senso;Bagnato (pioggia);Asfaltata;Verticale ed orizzontale;Nuvoloso;Normale;Buona;Ore Diurne;0;0;0;2;12.4824;41.85187;-1;2;Autovettura pubblica;In marcia / fermata / arresto;Conducente;M;Illeso;0;;Non accertato;Inesploso
2008354;11;28/02/2014 15:20;Strada Urbana;VIA APPIA PIGNATELLI;in corrispondenza;;del palo luce n.;136;;Scontro frontale/laterale DX fra veicoli in marcia;Rettilineo;Una carreggiata a doppio senso;Bagnato (umidità in atto);Asfaltata;Verticale ed orizzontale;Nuvoloso;Intenso;Sufficiente;Ore Diurne;1;0;0;1;12.52346;41.85717;-1;1;Autovettura privata;In marcia / fermata / arresto;Conducente;M;Illeso;0;;Non accertato;Esploso
2008354;11;28/02/2014 15:20;Strada Urbana;VIA APPIA PIGNATELLI;in corrispondenza;;del palo luce n.;136;;Scontro frontale/laterale DX fra veicoli in marcia;Rettilineo;Una carreggiata a doppio senso;Bagnato (umidità in atto);Asfaltata;Verticale ed orizzontale;Nuvoloso;Intenso;Sufficiente;Ore Diurne;1;0;0;1;12.52346;41.85717;-1;2;Autovettura privata;In marcia / fermata / arresto;Conducente;F;Rimandato;0;NON DECEDUTO;;Esploso
2008491;11;28/02/2014 09:35;Strada Urbana;VIA VITTORE CARPACCIO;all'intersezione con;VIA ACCADEMIA DEGLI AGIATI;VIA ACCADEMIA DEGLI AGIATI;;;Scontro frontale fra veicoli in marcia;Incrocio;Una carreggiata a doppio senso;Bagnato (umidità in atto);Asfaltata;Verticale ed orizzontale;Nuvoloso;Normale;Buona;Ore Diurne;1;0;0;2;12.49245;41.84934;-1;1;Autovettura privata;In marcia / fermata / arresto;Conducente;M;Illeso;0;;Non accertato;Inesistente
2008491;11;28/02/2014 09:35;Strada Urbana;VIA VITTORE CARPACCIO;all'intersezione con;VIA ACCADEMIA DEGLI AGIATI;VIA ACCADEMIA DEGLI AGIATI;;;Scontro frontale fra veicoli in marcia;Incrocio;Una carreggiata a doppio senso;Bagnato (umidità in atto);Asfaltata;Verticale ed orizzontale;Nuvoloso;Normale;Buona;Ore Diurne;1;0;0;2;12.49245;41.84934;-1;1;Autovettura privata;In marcia / fermata / arresto;Passeggero;F;Illeso;0;;Non accertato;Inesistente
2008491;11;28/02/2014 09:35;Strada Urbana;VIA VITTORE CARPACCIO;all'intersezione con;VIA ACCADEMIA DEGLI AGIATI;VIA ACCADEMIA DEGLI AGIATI;;;Scontro frontale fra veicoli in marcia;Incrocio;Una carreggiata a doppio senso;Bagnato (umidità in atto);Asfaltata;Verticale ed orizzontale;Nuvoloso;Normale;Buona;Ore Diurne;1;0;0;2;12.49245;41.84934;-1;2;Autovettura privata;In marcia / fermata / arresto;Conducente;M;Rifiuta cure immediate;0;NON DECEDUTO;Utilizzato;Inesploso
2008492;8;28/02/2014 19:15;Strada Urbana;VIALE DUILIO CAMBELLOTTI;da specificare;;;;altezza cavalcavia Via Aspertini;Scontro laterale fra veicoli in marcia;Rettilineo;Due carreggiate;Asciutto;Asfaltata;Verticale ed orizzontale;Nuvoloso;Normale;Buona;Sufficiente;1;0;0;1;12.63096;41.86872;-1;1;Autovettura privata;In marcia / fermata / arresto;Conducente;F;Illeso;0;;Non accertato;Inesploso
2008492;8;28/02/2014 19:15;Strada Urbana;VIALE DUILIO CAMBELLOTTI;da specificare;;;;altezza cavalcavia Via Aspertini;Scontro laterale fra veicoli in marcia;Rettilineo;Due carreggiate;Asciutto;Asfaltata;Verticale ed orizzontale;Nuvoloso;Normale;Buona;Sufficiente;1;0;0;1;12.63096;41.86872;-1;2;Motociclo a solo;In marcia / fermata / arresto;Conducente;M;Rimandato;0;NON DECEDUTO;Non accertato;
2008495;13;28/02/2014 15:00;Strada Urbana;VIA DI CASAL PALOCCO;all'intersezione con;VIALE PRASSILLA;VIALE PRASSILLA;;;Scontro laterale fra veicoli in marcia;Incrocio;Una carreggiata a doppio senso;Asciutto;Asfaltata;Verticale ed orizzontale;Nuvoloso;Normale;Buona;Ore Diurne;0;0;0;3;12.35325;41.74963;-1;1;Autovettura privata;In marcia / fermata / arresto;Conducente;M;Illeso;0;;Non accertato;Inesploso
2008495;13;28/02/2014 15:00;Strada Urbana;VIA DI CASAL PALOCCO;all'intersezione con;VIALE PRASSILLA;VIALE PRASSILLA;;;Scontro laterale fra veicoli in marcia;Incrocio;Una carreggiata a doppio senso;Asciutto;Asfaltata;Verticale ed orizzontale;Nuvoloso;Normale;Buona;Ore Diurne;0;0;0;3;12.35325;41.74963;-1;2;Autovettura privata;In marcia / fermata / arresto;Conducente;F;Illeso;0;;Non accertato;Inesploso
2008495;13;28/02/2014 15:00;Strada Urbana;VIA DI CASAL PALOCCO;all'intersezione con;VIALE PRASSILLA;VIALE PRASSILLA;;;Scontro laterale fra veicoli in marcia;Incrocio;Una carreggiata a doppio senso;Asciutto;Asfaltata;Verticale ed orizzontale;Nuvoloso;Normale;Buona;Ore Diurne;0;0;0;3;12.35325;41.74963;-1;2;Autovettura privata;In marcia / fermata / arresto;Passeggero;F;Illeso;0;;Non accertato;Inesploso
2008496;8;28/02/2014 18:15;Strada Urbana;VIA DI LUNGHEZZINA;da specificare;;;;800 mt dopo cavalcavia A24 dir. Polense;Veicolo in marcia contro ostacolo accidentale;Rettilineo;Una carreggiata a doppio senso;Bagnato (umidità in atto);Asfaltata;Orizzontale;Nuvoloso;Normale;Insufficiente;Inesistente;0;0;0;1;12.6895;41.9294;-1;1;Autovettura privata;In marcia / fermata / arresto;Conducente;M;Illeso;0;;Non accertato;Inesploso
2008498;8;28/02/2014 19:15;Strada Urbana;VIA DI LUNGHEZZINA;da specificare;;;;800 mt dopo cavalcavia A24 dir. Polense;Veicolo in marcia contro ostacolo accidentale;Rettilineo;Una carreggiata a doppio senso;Bagnato (pioggia);Asfaltata;Orizzontale;Nuvoloso;Scarso;Insufficiente;Insufficiente;0;0;0;2;12.6901;41.92993;-1;1;Autovettura privata;In marcia / fermata / arresto;Conducente;M;Illeso;0;;Non accertato;Inesploso
2008498;8;28/02/2014 19:15;Strada Urbana;VIA DI LUNGHEZZINA;da specificare;;;;800 mt dopo cavalcavia A24 dir. Polense;Veicolo in marcia contro ostacolo accidentale;Rettilineo;Una carreggiata a doppio senso;Bagnato (pioggia);Asfaltata;Orizzontale;Nuvoloso;Scarso;Insufficiente;Insufficiente;0;0;0;2;12.6901;41.92993;-1;1;Autovettura privata;In marcia / fermata / arresto;Passeggero;F;Illeso;0;;Non accertato;Inesploso
2008503;13;28/02/2014 15:30;Strada Urbana;VIA DEL FOSSO DI DRAGONCELLO;all'intersezione con;VIA DI MACCHIA PALOCCO;VIA DI MACCHIA PALOCCO;;;Scontro frontale fra veicoli in marcia;Incrocio;Una carreggiata a doppio senso;Bagnato (pioggia);Asfaltata;Verticale;Nuvoloso;Normale;Sufficiente;Ore Diurne;1;0;0;1;12.32925;41.76105;-1;1;Autovettura privata;In marcia / fermata / arresto;Conducente;F;Rifiuta cure immediate;0;NON DECEDUTO;Non accertato;Inesploso
2008503;13;28/02/2014 15:30;Strada Urbana;VIA DEL FOSSO DI DRAGONCELLO;all'intersezione con;VIA DI MACCHIA PALOCCO;VIA DI MACCHIA PALOCCO;;;Scontro frontale fra veicoli in marcia;Incrocio;Una carreggiata a doppio senso;Bagnato (pioggia);Asfaltata;Verticale;Nuvoloso;Normale;Sufficiente;Ore Diurne;1;0;0;1;12.32925;41.76105;-1;2;Autovettura privata;In marcia / fermata / arresto;Conducente;M;Illeso;0;;Non accertato;Inesploso
2008505;8;28/02/2014 16:20;Strada Urbana;VIA NICOLA SALIOLA;da specificare;;;;150 mt prima dell'intersezione con V. R, Chiodelli;Tamponamento;Rettilineo;Una carreggiata a doppio senso;Bagnato (pioggia);Asfaltata;Verticale;Nuvoloso;Scarso;Buona;Ore Diurne;1;0;0;2;12.66274;41.90959;-1;1;Autovettura privata;In marcia / fermata / arresto;Conducente;F;Illeso;0;;Non accertato;Inesploso
2008505;8;28/02/2014 16:20;Strada Urbana;VIA NICOLA SALIOLA;da specificare;;;;150 mt prima dell'intersezione con V. R, Chiodelli;Tamponamento;Rettilineo;Una carreggiata a doppio senso;Bagnato (pioggia);Asfaltata;Verticale;Nuvoloso;Scarso;Buona;Ore Diurne;1;0;0;2;12.66274;41.90959;-1;2;Autovettura privata;In marcia / fermata / arresto;Conducente;F;Rifiuta cure immediate;0;NON DECEDUTO;Non accertato;Inesploso
2008505;8;28/02/2014 16:20;Strada Urbana;VIA NICOLA SALIOLA;da specificare;;;;150 mt prima dell'intersezione con V. R, Chiodelli;Tamponamento;Rettilineo;Una carreggiata a doppio senso;Bagnato (pioggia);Asfaltata;Verticale;Nuvoloso;Scarso;Buona;Ore Diurne;1;0;0;2;12.66274;41.90959;-1;2;Autovettura privata;In marcia / fermata / arresto;Passeggero;F;Illeso;0;;Non accertato;Inesploso
2008506;13;28/02/2014 11:00;Strada Urbana;VIA CAPO PASSERO;all'intersezione con;PIAZZA TOLOSETTO FARINATA DEGLI UBERTI;PIAZZA TOLOSETTO FARINATA DEGLI UBERTI;;;Tamponamento;Intersezione stradale segnalata;Una carreggiata a senso unico di marcia;Bagnato (pioggia);Asfaltata;Verticale ed orizzontale;Pioggia in atto;Normale;Buona;Ore Diurne;2;0;0;0;12.29097;41.73449;-1;1;Autovettura privata;In marcia / fermata / arresto;Conducente;F;Rimandato;0;NON DECEDUTO;Non accertato;Inesploso
2008506;13;28/02/2014 11:00;Strada Urbana;VIA CAPO PASSERO;all'intersezione con;PIAZZA TOLOSETTO FARINATA DEGLI UBERTI;PIAZZA TOLOSETTO FARINATA DEGLI UBERTI;;;Tamponamento;Intersezione stradale segnalata;Una carreggiata a senso unico di marcia;Bagnato (pioggia);Asfaltata;Verticale ed orizzontale;Pioggia in atto;Normale;Buona;Ore Diurne;2;0;0;0;12.29097;41.73449;-1;2;Ciclomotore;In marcia / fermata / arresto;Conducente;M;Rimandato;0;NON DECEDUTO;Non accertato;
2008508;11;28/02/2014 15:45;Strada Urbana;VIA DEI GEORGOFILI;all'intersezione con;VIA DELL'ARCADIA;VIA DELL'ARCADIA;;;Scontro laterale fra veicoli in marcia;Intersezione stradale segnalata;Una carreggiata a senso unico di marcia;Bagnato (pioggia);Asfaltata;Verticale ed orizzontale;Nuvoloso;Scarso;Buona;Ore Diurne;1;0;0;1;12.49264;41.85286;-1;1;Autocarro inferiore 35 q.;In marcia / fermata / arresto;Conducente;M;Illeso;0;;Non accertato;Inesistente
2008508;11;28/02/2014 15:45;Strada Urbana;VIA DEI GEORGOFILI;all'intersezione con;VIA DELL'ARCADIA;VIA DELL'ARCADIA;;;Scontro laterale fra veicoli in marcia;Intersezione stradale segnalata;Una carreggiata a senso unico di marcia;Bagnato (pioggia);Asfaltata;Verticale ed orizzontale;Nuvoloso;Scarso;Buona;Ore Diurne;1;0;0;1;12.49264;41.85286;-1;2;Motociclo a solo;In marcia / fermata / arresto;Conducente;M;Rimandato;0;NON DECEDUTO;Non accertato;
2008548;9;28/02/2014 13:30;Strada Urbana;VIA ASSISI;in corrispondenza;;del civico n.;33;;Scontro frontale/laterale SX fra veicoli in marcia;Rettilineo;Una carreggiata a senso unico di marcia;Bagnato (pioggia);Asfaltata;Assente;Pioggia in atto;Normale;Buona;Ore Diurne;1;0;0;1;12.52505;41.87897;-1;1;Autovettura privata;In marcia / fermata / arresto;Conducente;M;Illeso;0;;Non accertato;Inesploso
2008548;9;28/02/2014 13:30;Strada Urbana;VIA ASSISI;in corrispondenza;;del civico n.;33;;Scontro frontale/laterale SX fra veicoli in marcia;Rettilineo;Una carreggiata a senso unico di marcia;Bagnato (pioggia);Asfaltata;Assente;Pioggia in atto;Normale;Buona;Ore Diurne;1;0;0;1;12.52505;41.87897;-1;2;Motociclo a solo;In marcia / fermata / arresto;Conducente;F;Rimandato;0;NON DECEDUTO;Non accertato;
2008601;17;28/02/2014 12:45;Strada Urbana;VIA CRESCENZIO;in corrispondenza;;del civico n.;84;;Investimento di pedone;Rettilineo;Una carreggiata a doppio senso;Bagnato (pioggia);In cubetti di porfido;Verticale ed orizzontale;Pioggia in atto;Normale;Buona;Ore Diurne;1;0;0;1;12.46139;41.90591;-1;;;;Pedone;M;Rimandato;0;NON DECEDUTO;;
2008601;17;28/02/2014 12:45;Strada Urbana;VIA CRESCENZIO;in corrispondenza;;del civico n.;84;;Investimento di pedone;Rettilineo;Una carreggiata a doppio senso;Bagnato (pioggia);In cubetti di porfido;Verticale ed orizzontale;Pioggia in atto;Normale;Buona;Ore Diurne;1;0;0;1;12.46139;41.90591;-1;1;Ciclomotore;In marcia / fermata / arresto;Conducente;M;Illeso;0;;Non accertato;
2008613;17;28/02/2014 13:05;Strada Urbana;VIA CRESCENZIO;in corrispondenza;;del civico n.;60;;Tamponamento Multiplo;Rettilineo;Una carreggiata a doppio senso;Bagnato (pioggia);Acciotolata;Verticale ed orizzontale;Sereno;Normale;Sufficiente;Ore Diurne;0;0;0;4;12.46337;41.90574;-1;1;Autovettura privata;In marcia / fermata / arresto;Conducente;F;Illeso;0;;Non accertato;Inesploso
2008613;17;28/02/2014 13:05;Strada Urbana;VIA CRESCENZIO;in corrispondenza;;del civico n.;60;;Tamponamento Multiplo;Rettilineo;Una carreggiata a doppio senso;Bagnato (pioggia);Acciotolata;Verticale ed orizzontale;Sereno;Normale;Sufficiente;Ore Diurne;0;0;0;4;12.46337;41.90574;-1;1;Autovettura privata;In marcia / fermata / arresto;Passeggero;M;Illeso;0;;Non accertato;
2008613;17;28/02/2014 13:05;Strada Urbana;VIA CRESCENZIO;in corrispondenza;;del civico n.;60;;Tamponamento Multiplo;Rettilineo;Una carreggiata a doppio senso;Bagnato (pioggia);Acciotolata;Verticale ed orizzontale;Sereno;Normale;Sufficiente;Ore Diurne;0;0;0;4;12.46337;41.90574;-1;2;Autovettura privata;In marcia / fermata / arresto;Conducente;M;Illeso;0;;Non accertato;Inesploso
2008613;17;28/02/2014 13:05;Strada Urbana;VIA CRESCENZIO;in corrispondenza;;del civico n.;60;;Tamponamento Multiplo;Rettilineo;Una carreggiata a doppio senso;Bagnato (pioggia);Acciotolata;Verticale ed orizzontale;Sereno;Normale;Sufficiente;Ore Diurne;0;0;0;4;12.46337;41.90574;-1;3;Autobus turistico;In marcia / fermata / arresto;Conducente;M;Illeso;0;;Esente;Inesploso
2008631;17;28/02/2014 16:40;Strada Urbana;VIA DELLA CONCILIAZIONE;all'intersezione con;PIAZZA PIO XI;PIAZZA PIO XI;;;Investimento di pedone;Incrocio;Una carreggiata a senso unico di marcia;Bagnato (pioggia);In cubetti di porfido;Verticale ed orizzontale;Nuvoloso;Scarso;Buona;Ore Diurne;1;0;0;1;12.46201;41.90234;-1;;;;Pedone;F;Rimandato;0;NON DECEDUTO;;
2008631;17;28/02/2014 16:40;Strada Urbana;VIA DELLA CONCILIAZIONE;all'intersezione con;PIAZZA PIO XI;PIAZZA PIO XI;;;Investimento di pedone;Incrocio;Una carreggiata a senso unico di marcia;Bagnato (pioggia);In cubetti di porfido;Verticale ed orizzontale;Nuvoloso;Scarso;Buona;Ore Diurne;1;0;0;1;12.46201;41.90234;-1;1;Motociclo a solo;In marcia / fermata / arresto;Conducente;M;Illeso;0;;Non accertato;